TEAM_ID,TEAM_NAME,GP,W,L,W_PCT,MIN,FGM,FGA,FG_PCT,FG3M,FG3A,FG3_PCT,FTM,FTA,FT_PCT,OREB,DREB,REB,AST,TOV,STL,BLK,BLKA,PF,PFD,PTS,PLUS_MINUS,GP_RANK,W_RANK,L_RANK,W_PCT_RANK,MIN_RANK,FGM_RANK,FGA_RANK,FG_PCT_RANK,FG3M_RANK,FG3A_RANK,FG3_PCT_RANK,FTM_RANK,FTA_RANK,FT_PCT_RANK,OREB_RANK,DREB_RANK,REB_RANK,AST_RANK,TOV_RANK,STL_RANK,BLK_RANK,BLKA_RANK,PF_RANK,PFD_RANK,PTS_RANK,PLUS_MINUS_RANK,SEASON
1610612737,Atlanta Hawks,82,48,34,0.585,48.4,38.6,84.4,0.458,9.9,28.4,0.35,15.6,20.0,0.783,8.3,33.8,42.1,25.6,15.0,9.1,5.9,5.0,19.1,18.3,102.8,3.6,1,7,7,7,11,9,15,11,6,7,15,29,30,8,30,13,24,2,22,3,5,14,7,29,12,7,2015-16
1610612738,Boston Celtics,82,48,34,0.585,48.2,39.2,89.2,0.439,8.7,26.1,0.335,18.5,23.5,0.788,11.6,33.3,44.9,24.2,13.7,9.2,4.2,5.5,21.9,21.0,105.7,3.2,1,7,7,7,23,7,1,24,12,11,28,8,12,6,3,15,6,6,12,2,22,24,29,10,5,8,2015-16
1610612751,Brooklyn Nets,82,21,61,0.256,48.2,38.2,84.4,0.453,6.5,18.4,0.352,15.7,20.7,0.757,10.5,31.9,42.4,22.3,14.8,7.6,4.0,5.2,18.0,18.4,98.6,-7.4,1,28,28,28,26,17,17,13,26,27,13,27,27,18,14,25,23,15,19,19,25,18,2,28,26,28,2015-16
1610612766,Charlotte Hornets,82,48,34,0.585,48.4,37.0,84.4,0.439,10.6,29.4,0.362,18.7,23.7,0.79,9.0,35.0,43.9,21.7,12.5,7.3,5.3,5.5,18.1,20.4,103.4,2.7,1,7,7,7,9,24,16,27,4,4,8,7,11,5,28,4,14,19,1,22,12,21,3,14,11,9,2015-16
1610612741,Chicago Bulls,82,42,40,0.512,48.5,38.6,87.4,0.441,7.9,21.4,0.371,16.5,21.0,0.787,11.1,35.2,46.3,22.8,13.9,6.0,5.7,5.7,18.8,18.7,101.6,-1.5,1,14,14,14,3,11,2,22,21,24,3,23,26,7,9,3,3,12,13,29,8,27,5,26,21,18,2015-16
1610612739,Cleveland Cavaliers,82,57,25,0.695,48.4,38.7,84.0,0.46,10.7,29.6,0.362,16.3,21.7,0.748,10.6,33.9,44.5,22.7,13.6,6.7,3.9,4.4,20.3,20.6,104.3,6.0,1,3,3,3,9,8,19,10,2,3,7,26,24,21,12,11,9,13,10,28,27,7,14,12,8,4,2015-16
1610612742,Dallas Mavericks,82,42,40,0.512,48.8,37.4,84.1,0.444,9.8,28.6,0.344,17.7,22.3,0.794,9.2,33.9,43.1,22.1,12.8,6.8,3.7,4.4,19.5,21.4,102.3,-0.3,1,14,14,14,1,22,18,20,7,5,23,12,21,3,26,9,19,18,2,26,29,8,8,8,16,16,2015-16
1610612743,Denver Nuggets,82,33,49,0.402,48.4,37.7,85.4,0.442,8.0,23.7,0.338,18.5,24.1,0.766,11.5,33.1,44.6,22.7,14.7,7.4,4.8,6.3,21.0,20.9,101.9,-3.1,1,21,21,21,11,21,12,21,20,18,26,10,10,14,6,19,8,14,18,20,16,30,23,11,20,23,2015-16
1610612765,Detroit Pistons,82,44,38,0.537,48.5,37.9,86.4,0.439,9.0,26.2,0.345,17.1,25.5,0.668,12.5,33.9,46.3,19.4,13.5,7.0,3.7,4.5,19.0,21.6,102.0,0.6,1,12,12,12,5,18,5,25,10,10,22,20,5,30,2,11,2,27,9,24,30,9,6,5,19,14,2015-16
1610612744,Golden State Warriors,82,73,9,0.89,48.5,42.5,87.3,0.487,13.1,31.6,0.416,16.7,21.8,0.763,10.0,36.2,46.2,28.9,15.2,8.4,6.1,4.1,20.7,19.8,114.9,10.8,1,1,1,1,5,1,3,1,1,1,1,22,23,16,21,1,4,1,24,9,2,3,19,19,1,1,2015-16
1610612745,Houston Rockets,82,41,41,0.5,48.4,37.7,83.5,0.452,10.7,30.9,0.347,20.4,29.4,0.694,11.3,31.7,43.1,22.2,15.9,10.0,5.2,4.9,21.8,22.5,106.5,0.2,1,17,17,17,11,20,23,14,3,2,19,3,1,27,7,27,20,16,27,1,13,13,28,1,4,15,2015-16
1610612754,Indiana Pacers,82,45,37,0.549,48.5,38.3,85.2,0.45,8.1,23.0,0.351,17.4,22.8,0.764,10.3,33.9,44.2,21.2,14.9,9.0,4.8,4.5,20.0,20.4,102.2,1.7,1,11,11,11,5,15,13,17,18,20,14,14,17,15,17,10,12,22,20,4,17,9,11,13,17,11,2015-16
1610612746,LA Clippers,82,53,29,0.646,48.4,38.3,82.4,0.465,9.7,26.7,0.364,18.2,26.2,0.692,8.8,33.3,42.0,22.8,13.0,8.6,5.6,3.2,21.3,22.5,104.5,4.3,1,6,6,6,11,16,25,6,8,9,6,11,4,29,29,17,25,11,3,7,10,1,24,2,7,6,2015-16
1610612747,Los Angeles Lakers,82,17,65,0.207,48.1,35.1,84.8,0.414,7.8,24.6,0.317,19.3,24.7,0.781,10.7,32.3,43.0,18.0,13.7,7.2,4.1,5.6,20.3,19.2,97.3,-9.6,1,29,29,29,28,30,14,30,22,13,30,6,8,11,11,24,21,30,11,23,24,25,13,24,30,29,2015-16
1610612763,Memphis Grizzlies,82,42,40,0.512,48.4,36.8,83.6,0.44,6.1,18.5,0.331,19.3,24.7,0.783,11.2,30.5,41.6,20.7,13.3,8.8,4.3,5.7,21.7,21.1,99.1,-2.2,1,14,14,14,11,26,22,23,27,25,29,5,9,9,8,30,28,25,6,6,21,29,27,9,24,20,2015-16
1610612748,Miami Heat,82,48,34,0.585,48.4,38.4,81.7,0.47,6.1,18.0,0.336,17.1,23.0,0.744,9.8,34.3,44.1,20.8,14.1,6.7,6.5,4.1,18.3,19.6,100.0,1.6,1,7,7,7,11,13,27,4,28,28,27,18,14,23,22,6,13,23,14,27,1,4,4,20,23,12,2015-16
1610612749,Milwaukee Bucks,82,33,49,0.402,48.4,38.4,82.2,0.467,5.4,15.6,0.345,17.0,22.7,0.747,10.5,31.2,41.7,23.1,15.2,8.2,5.8,5.6,20.7,19.5,99.0,-4.2,1,21,21,21,11,14,26,5,30,30,21,21,18,22,15,29,27,9,25,13,7,26,17,21,25,26,2015-16
1610612750,Minnesota Timberwolves,82,29,53,0.354,48.5,37.7,81.3,0.464,5.5,16.4,0.338,21.4,27.0,0.792,10.0,31.5,41.6,23.4,15.0,8.0,4.6,5.2,20.7,21.6,102.4,-3.5,1,26,26,26,5,19,29,7,29,29,25,1,2,4,20,28,29,8,23,14,19,17,18,7,15,24,2015-16
1610612740,New Orleans Pelicans,82,30,52,0.366,48.2,38.5,85.9,0.448,8.6,23.8,0.36,17.3,22.2,0.776,9.5,33.1,42.6,22.2,13.4,7.7,4.2,5.2,20.9,19.9,102.7,-3.8,1,25,25,25,23,12,8,19,15,16,9,16,22,13,23,20,22,17,8,16,23,15,22,17,13,25,2015-16
1610612752,New York Knicks,82,32,50,0.39,48.3,36.9,84.0,0.439,7.4,21.5,0.346,17.2,21.4,0.805,10.4,34.0,44.4,20.5,13.4,5.7,5.7,4.2,19.7,18.5,98.4,-2.7,1,24,24,24,19,25,21,26,24,23,20,17,25,1,16,7,10,26,7,30,9,5,10,27,27,22,2015-16
1610612760,Oklahoma City Thunder,82,55,27,0.671,48.4,41.1,86.4,0.476,8.3,23.7,0.349,19.7,25.2,0.782,13.1,35.6,48.6,23.0,15.9,7.4,5.9,4.5,20.6,20.2,110.2,7.3,1,5,5,5,11,2,7,3,17,17,17,4,7,10,1,2,1,10,26,21,4,11,16,15,2,3,2015-16
1610612753,Orlando Magic,82,35,47,0.427,48.5,39.5,86.8,0.455,7.8,22.2,0.35,15.2,20.1,0.757,10.3,33.0,43.3,23.6,14.1,8.2,5.1,5.5,20.7,18.3,102.1,-1.6,1,20,20,20,3,5,4,12,23,22,16,30,29,17,18,21,17,7,14,12,15,21,19,30,18,19,2015-16
1610612755,Philadelphia 76ers,82,10,72,0.122,48.3,36.2,84.0,0.431,9.3,27.5,0.339,15.7,22.6,0.694,9.5,31.8,41.2,21.5,16.4,8.3,6.0,5.7,21.7,19.2,97.4,-10.2,1,30,30,30,19,28,20,29,9,8,24,28,19,28,24,26,30,20,29,10,3,28,25,25,29,30,2015-16
1610612756,Phoenix Suns,82,23,59,0.28,48.1,37.2,85.6,0.435,9.0,25.8,0.348,17.5,23.2,0.751,11.5,33.3,44.8,20.7,17.2,7.7,3.8,5.5,22.7,21.6,100.9,-6.7,1,27,27,27,29,23,11,28,11,12,18,13,13,20,5,15,7,24,30,17,28,23,30,6,22,27,2015-16
1610612757,Portland Trail Blazers,82,44,38,0.537,48.3,38.6,85.9,0.45,10.5,28.5,0.37,17.4,23.0,0.754,11.6,33.9,45.5,21.3,14.6,6.9,4.6,5.2,21.7,19.5,105.1,0.8,1,12,12,12,19,10,8,16,5,6,4,15,14,19,4,8,5,21,17,25,18,16,26,22,6,13,2015-16
1610612758,Sacramento Kings,82,33,49,0.402,48.3,40.0,86.4,0.464,8.0,22.4,0.359,18.5,25.5,0.725,10.6,33.7,44.2,24.5,16.2,8.9,4.5,5.3,20.4,22.0,106.6,-2.5,1,21,21,21,19,4,6,8,19,21,10,9,6,26,13,14,11,4,28,5,20,19,15,4,3,21,2015-16
1610612759,San Antonio Spurs,82,67,15,0.817,48.1,40.1,82.9,0.484,7.0,18.5,0.375,16.4,20.4,0.803,9.4,34.5,43.9,24.5,13.1,8.3,5.9,3.9,17.5,19.5,103.5,10.6,1,2,2,2,29,3,24,2,25,26,2,25,28,2,25,5,15,3,4,11,6,2,1,22,10,2,2015-16
1610612761,Toronto Raptors,82,56,26,0.683,48.2,36.7,81.3,0.451,8.6,23.4,0.37,20.8,26.7,0.777,10.2,33.2,43.4,18.7,13.1,7.8,5.5,5.4,19.6,22.0,102.7,4.5,1,4,4,4,23,27,28,15,14,19,5,2,3,12,19,18,16,29,5,15,11,20,9,3,14,5,2015-16
1610612762,Utah Jazz,82,40,42,0.488,48.7,36.1,80.4,0.449,8.5,23.9,0.355,17.1,23.0,0.744,10.7,32.5,43.2,19.0,14.9,7.7,5.2,4.7,20.2,19.9,97.7,1.8,1,19,19,19,2,29,30,18,16,15,12,19,16,24,10,23,18,28,21,18,14,12,12,18,28,10,2015-16
1610612764,Washington Wizards,82,41,41,0.5,48.2,39.5,85.8,0.46,8.6,24.2,0.358,16.5,22.5,0.73,9.1,32.8,41.8,24.5,14.5,8.6,3.9,4.3,20.8,20.1,104.1,-0.5,1,17,17,17,26,6,10,9,13,14,11,24,20,25,27,22,26,5,16,8,26,6,21,16,9,17,2015-16
1610612737,Atlanta Hawks,82,43,39,0.524,48.5,38.1,84.4,0.451,8.9,26.1,0.341,18.1,24.9,0.728,10.3,34.1,44.3,23.6,15.8,8.2,4.8,5.2,18.2,21.6,103.2,-0.9,1,11,11,11,4,23,22,18,20,16,23,13,5,28,14,10,9,10,28,7,14,22,6,3,22,19,2016-17
1610612738,Boston Celtics,82,53,29,0.646,48.2,38.6,85.1,0.454,12.0,33.4,0.359,18.7,23.2,0.807,9.1,32.9,42.0,25.2,13.3,7.5,4.1,5.2,20.6,20.3,108.0,2.6,1,4,4,4,25,21,18,16,3,3,14,10,15,3,22,22,27,4,8,18,23,23,21,11,7,8,2016-17
1610612751,Brooklyn Nets,82,20,62,0.244,48.2,37.8,85.2,0.444,10.7,31.6,0.338,19.4,24.6,0.788,8.8,35.1,43.9,21.4,16.5,7.2,4.7,5.6,21.0,20.4,105.8,-6.7,1,30,30,30,25,25,17,24,6,4,26,4,7,9,26,1,10,20,29,21,18,30,25,9,12,29,2016-17
1610612766,Charlotte Hornets,82,36,46,0.439,48.4,37.7,85.4,0.442,10.0,28.6,0.351,19.4,23.8,0.815,8.8,34.8,43.6,23.1,11.5,7.0,4.8,5.5,16.6,19.9,104.9,0.2,1,20,20,20,10,26,15,26,11,9,18,5,10,1,26,4,16,11,1,27,17,28,1,15,16,15,2016-17
1610612741,Chicago Bulls,82,41,41,0.5,48.2,38.6,87.1,0.444,7.6,22.3,0.34,18.0,22.5,0.798,12.2,34.1,46.3,22.6,13.6,7.8,4.8,4.6,17.7,18.8,102.9,0.4,1,15,15,15,18,20,8,25,28,29,24,15,19,6,2,9,3,14,12,15,16,12,2,25,23,14,2016-17
1610612739,Cleveland Cavaliers,82,51,31,0.622,48.5,39.9,84.9,0.47,13.0,33.9,0.384,17.5,23.3,0.748,9.3,34.4,43.7,22.7,13.7,6.6,4.0,4.3,18.1,20.6,110.3,3.2,1,5,5,5,4,5,19,5,2,2,2,19,13,23,21,7,12,13,14,30,25,8,4,6,4,7,2016-17
1610612742,Dallas Mavericks,82,33,49,0.402,48.2,36.2,82.3,0.44,10.7,30.2,0.355,14.8,18.5,0.801,7.9,30.7,38.6,20.8,11.9,7.5,3.7,3.4,19.1,19.4,97.9,-2.9,1,22,22,22,18,30,27,29,5,6,16,29,30,4,30,30,30,27,2,19,30,2,9,21,30,23,2016-17
1610612743,Denver Nuggets,82,40,42,0.488,48.2,41.2,87.7,0.469,10.6,28.8,0.368,18.7,24.2,0.774,11.8,34.6,46.4,25.3,15.0,6.9,3.9,4.9,19.1,20.2,111.7,0.5,1,18,18,18,25,3,4,6,7,8,11,9,8,17,5,6,2,2,23,28,27,15,9,13,3,12,2016-17
1610612765,Detroit Pistons,82,37,45,0.451,48.3,39.9,88.8,0.449,7.7,23.4,0.33,13.9,19.3,0.719,11.1,34.6,45.7,21.1,11.9,7.0,3.8,4.1,17.9,17.5,101.3,-1.1,1,19,19,19,13,7,1,22,27,26,28,30,29,29,8,5,4,24,3,25,29,6,3,30,26,21,2016-17
1610612744,Golden State Warriors,82,67,15,0.817,48.2,43.1,87.1,0.495,12.0,31.2,0.383,17.8,22.6,0.788,9.4,35.0,44.4,30.4,14.8,9.6,6.8,3.8,19.3,19.4,115.9,11.6,1,1,1,1,18,1,9,1,4,5,3,17,18,11,20,3,7,1,22,1,1,4,12,22,1,1,2016-17
1610612745,Houston Rockets,82,55,27,0.671,48.2,40.3,87.2,0.462,14.4,40.3,0.357,20.3,26.5,0.766,10.9,33.5,44.4,25.2,15.1,8.2,4.3,5.0,19.9,20.4,115.3,5.8,1,3,3,3,18,4,7,12,1,1,15,2,1,20,9,15,8,3,25,8,20,17,15,8,2,3,2016-17
1610612754,Indiana Pacers,82,42,40,0.512,48.4,39.3,84.5,0.465,8.6,23.0,0.376,17.9,22.1,0.81,9.0,33.0,42.0,22.5,13.8,8.2,5.0,5.0,19.5,19.5,105.1,-0.2,1,13,13,13,7,15,20,10,23,27,4,16,23,2,23,21,26,16,16,9,9,16,13,20,15,17,2016-17
1610612746,LA Clippers,82,51,31,0.622,48.2,39.5,83.2,0.475,10.3,27.4,0.375,19.3,26.0,0.745,9.0,34.0,43.0,22.5,13.0,7.5,4.2,3.1,19.8,22.4,108.7,4.3,1,5,5,5,25,10,26,2,9,11,7,6,3,27,24,11,21,15,7,20,21,1,14,1,6,4,2016-17
1610612747,Los Angeles Lakers,82,26,56,0.317,48.1,39.3,87.4,0.45,8.9,25.7,0.346,17.0,22.6,0.754,11.4,32.1,43.5,20.9,15.2,8.2,3.9,5.4,20.7,18.5,104.6,-6.9,1,28,28,28,30,13,6,21,19,19,22,23,17,21,7,26,17,26,26,5,28,26,22,28,17,30,2016-17
1610612763,Memphis Grizzlies,82,43,39,0.524,48.5,36.4,83.6,0.435,9.4,26.5,0.354,18.3,23.4,0.784,10.8,32.0,42.8,21.3,12.9,8.0,4.2,5.0,22.4,20.8,100.5,0.5,1,11,11,11,2,29,25,30,15,14,17,12,12,13,10,27,24,21,6,13,22,18,29,4,29,13,2016-17
1610612748,Miami Heat,82,41,41,0.5,48.2,39.0,85.8,0.455,9.9,27.0,0.365,15.2,21.6,0.706,10.6,33.0,43.6,21.2,13.4,7.2,5.7,4.9,20.5,18.7,103.2,1.1,1,15,15,15,18,18,14,15,12,12,12,28,26,30,11,20,15,22,11,22,3,14,20,27,21,10,2016-17
1610612749,Milwaukee Bucks,82,42,40,0.512,48.2,38.8,81.9,0.474,8.8,23.7,0.37,17.2,22.4,0.768,8.8,31.6,40.4,24.2,14.0,8.1,5.3,4.6,20.2,19.3,103.6,-0.2,1,13,13,13,18,19,29,4,22,24,10,21,20,19,25,28,29,5,18,10,6,9,17,24,20,16,2016-17
1610612750,Minnesota Timberwolves,82,31,51,0.378,48.3,39.5,84.4,0.467,7.3,21.0,0.349,19.3,24.2,0.799,11.4,31.0,42.4,23.7,14.0,8.0,4.5,5.0,20.1,20.5,105.6,-1.1,1,24,24,24,13,12,21,8,30,30,20,6,8,5,6,29,25,9,19,12,19,19,16,7,13,20,2016-17
1610612740,New Orleans Pelicans,82,34,48,0.415,48.5,39.1,87.0,0.45,9.4,26.8,0.35,16.7,22.3,0.75,8.6,35.1,43.7,22.8,12.9,7.8,5.5,4.2,18.2,19.3,104.3,-2.1,1,21,21,21,2,17,12,20,14,13,19,25,21,22,29,1,13,12,5,16,5,7,5,23,18,22,2016-17
1610612752,New York Knicks,82,31,51,0.378,48.4,39.6,88.5,0.447,8.6,24.7,0.348,16.6,21.1,0.788,12.0,33.2,45.2,21.8,13.9,7.1,5.5,4.6,20.3,18.5,104.3,-3.7,1,24,24,24,7,8,3,23,24,21,21,26,28,10,3,17,5,19,17,23,4,10,19,29,18,24,2016-17
1610612760,Oklahoma City Thunder,82,47,35,0.573,48.3,39.5,87.4,0.452,8.4,25.8,0.327,19.2,25.8,0.745,12.2,34.4,46.6,21.0,15.0,7.9,5.0,5.5,20.9,20.7,106.6,0.8,1,10,10,10,13,11,5,17,26,18,30,8,4,26,1,7,1,25,24,14,10,28,24,5,11,11,2016-17
1610612753,Orlando Magic,82,29,53,0.354,48.3,38.3,87.0,0.44,8.5,26.1,0.328,16.0,21.4,0.747,9.8,33.3,43.2,22.2,13.3,7.1,4.8,5.1,19.3,18.7,101.1,-6.6,1,26,26,26,13,22,11,28,25,15,29,27,27,25,17,16,20,18,9,24,15,20,11,26,27,28,2016-17
1610612755,Philadelphia 76ers,82,28,54,0.341,48.4,37.7,85.3,0.442,10.1,29.8,0.34,17.0,22.0,0.771,9.8,33.0,42.8,23.8,16.7,8.4,5.1,5.4,21.9,19.6,102.4,-5.7,1,27,27,27,10,27,16,27,10,7,25,24,24,18,17,19,23,8,30,3,7,27,28,19,25,27,2016-17
1610612756,Phoenix Suns,82,24,58,0.293,48.4,39.9,88.5,0.45,7.5,22.6,0.332,20.4,26.3,0.776,11.9,33.1,45.0,19.6,15.4,8.2,4.9,5.3,24.8,22.2,107.7,-5.6,1,29,29,29,10,6,2,19,29,28,27,1,2,15,4,18,6,29,27,6,13,25,30,2,9,26,2016-17
1610612757,Portland Trail Blazers,82,41,41,0.5,48.6,39.5,86.1,0.459,10.4,27.7,0.375,18.5,23.7,0.78,10.1,33.5,43.7,21.1,13.7,7.0,5.0,5.3,21.2,19.8,107.9,-0.5,1,15,15,15,1,9,13,14,8,10,6,11,11,14,15,14,14,23,15,25,10,24,26,16,8,18,2016-17
1610612758,Sacramento Kings,82,32,50,0.39,48.5,37.9,82.1,0.461,9.0,23.9,0.376,18.1,23.3,0.775,8.7,32.3,41.1,22.5,14.6,7.6,4.0,5.1,20.3,20.1,102.8,-3.9,1,23,23,23,4,24,28,13,18,23,5,14,13,16,28,25,28,16,21,17,26,21,18,14,24,25,2016-17
1610612759,San Antonio Spurs,82,61,21,0.744,48.3,39.3,83.7,0.469,9.2,23.5,0.391,17.6,22.0,0.797,10.0,33.9,43.9,23.8,13.4,8.0,5.9,4.1,18.3,19.8,105.3,7.2,1,2,2,2,13,14,24,7,17,25,1,18,24,7,16,12,11,7,10,11,2,5,7,17,14,2,2016-17
1610612761,Toronto Raptors,82,51,31,0.622,48.2,39.2,84.4,0.464,8.8,24.3,0.363,19.7,24.7,0.796,10.6,32.6,43.3,18.5,12.7,8.3,4.9,4.8,20.8,20.3,106.9,4.2,1,5,5,5,18,16,22,11,21,22,13,3,6,8,12,23,18,30,4,4,12,13,23,10,10,5,2016-17
1610612762,Utah Jazz,82,51,31,0.622,48.2,37.0,79.5,0.466,9.6,26.0,0.372,17.1,22.9,0.747,9.4,33.8,43.2,20.1,13.6,6.7,5.0,3.8,18.8,20.2,100.7,3.9,1,5,5,5,25,28,30,9,13,17,9,22,16,24,19,13,19,28,13,29,8,3,8,12,28,6,2016-17
1610612764,Washington Wizards,82,49,33,0.598,48.4,41.3,87.0,0.475,9.2,24.8,0.372,17.3,22.1,0.784,10.3,32.6,42.9,23.9,14.2,8.5,4.1,4.6,21.3,19.8,109.2,1.8,1,9,9,9,7,2,10,3,16,20,8,20,22,12,13,24,22,6,20,2,24,10,27,18,5,9,2016-17
1610612737,Atlanta Hawks,82,24,58,0.293,48.1,38.2,85.5,0.446,11.2,31.0,0.36,15.8,20.2,0.785,9.1,32.8,41.9,23.7,15.5,7.8,4.2,5.5,19.6,20.3,103.4,-5.5,1,27,27,27,27,28,20,25,9,7,15,22,23,7,22,23,25,8,27,12,23,28,14,14,25,26,2017-18
1610612738,Boston Celtics,82,55,27,0.671,48.3,38.3,85.1,0.45,11.5,30.4,0.377,16.0,20.7,0.771,9.4,35.1,44.5,22.5,14.0,7.4,4.5,4.4,19.7,19.2,104.0,3.6,1,4,4,4,12,25,25,21,7,10,2,21,20,17,20,6,8,20,15,23,18,6,17,22,20,6,2017-18
1610612751,Brooklyn Nets,82,28,54,0.341,48.4,38.2,86.8,0.441,12.7,35.7,0.356,17.4,22.6,0.772,9.7,34.8,44.4,23.7,15.2,6.2,4.8,5.5,20.6,19.7,106.6,-3.7,1,23,23,23,5,27,10,29,2,2,20,8,11,14,15,9,9,9,25,30,16,27,23,19,14,24,2017-18
1610612766,Charlotte Hornets,82,36,46,0.439,48.2,39.0,86.7,0.45,10.0,27.2,0.369,20.2,27.0,0.747,10.1,35.4,45.5,21.6,12.7,6.8,4.5,4.9,17.2,22.4,108.2,0.3,1,20,20,20,16,18,11,24,19,21,8,1,1,24,12,4,3,24,3,28,18,20,2,1,10,17,2017-18
1610612741,Chicago Bulls,82,27,55,0.329,48.4,38.7,88.8,0.435,11.0,31.1,0.355,14.6,19.2,0.759,9.6,35.0,44.7,23.5,14.0,7.6,3.5,5.2,19.2,17.4,102.9,-7.0,1,24,24,24,5,23,1,30,10,6,21,28,26,20,16,8,6,10,13,18,30,24,9,29,26,29,2017-18
1610612739,Cleveland Cavaliers,82,50,32,0.61,48.1,40.4,84.8,0.476,12.0,32.1,0.372,18.1,23.3,0.779,8.5,33.7,42.1,23.4,13.7,7.1,3.8,4.1,18.6,20.7,110.9,0.9,1,6,6,6,23,10,26,5,3,5,6,6,9,10,27,17,23,12,10,24,28,3,5,7,5,14,2017-18
1610612742,Dallas Mavericks,82,24,58,0.293,48.3,38.1,85.9,0.444,11.8,32.8,0.36,14.2,18.7,0.763,8.1,33.1,41.3,22.7,12.3,7.0,3.8,4.5,19.2,19.6,102.3,-3.0,1,27,27,27,12,29,17,26,5,4,17,29,29,19,30,21,27,19,1,25,29,8,10,20,28,22,2017-18
1610612743,Denver Nuggets,82,46,36,0.561,48.5,40.7,86.6,0.47,11.5,30.9,0.371,17.1,22.3,0.767,11.0,33.5,44.5,25.1,15.0,7.6,4.9,4.8,18.7,20.7,110.0,1.5,1,14,14,14,4,7,12,10,6,8,7,12,12,18,2,20,7,5,23,17,12,16,6,6,6,11,2017-18
1610612765,Detroit Pistons,82,39,43,0.476,48.3,39.1,86.9,0.45,10.8,28.9,0.373,14.7,19.8,0.745,10.1,33.6,43.7,22.8,13.4,7.7,3.9,4.9,18.4,18.4,103.8,-0.1,1,19,19,19,12,16,9,23,14,16,5,27,24,25,11,18,16,15,7,14,27,17,4,27,22,19,2017-18
1610612744,Golden State Warriors,82,58,24,0.707,48.1,42.8,85.1,0.503,11.3,28.9,0.391,16.6,20.3,0.815,8.4,35.1,43.5,29.3,15.4,8.0,7.5,3.7,19.6,18.5,113.5,6.0,1,3,3,3,23,1,24,1,8,17,1,18,22,1,28,7,17,1,26,9,1,1,15,25,1,3,2017-18
1610612745,Houston Rockets,82,65,17,0.793,48.2,38.7,84.2,0.46,15.3,42.3,0.362,19.6,25.1,0.781,9.0,34.5,43.5,21.5,13.8,8.5,4.8,4.4,19.5,20.4,112.4,8.5,1,1,1,1,18,22,27,15,1,1,14,2,3,9,24,10,18,26,11,5,15,5,12,11,2,1,2017-18
1610612754,Indiana Pacers,82,48,34,0.585,48.2,40.8,86.4,0.472,9.0,24.5,0.369,14.9,19.2,0.779,9.6,32.7,42.3,22.2,13.3,8.8,4.1,5.2,18.8,18.5,105.6,1.4,1,8,8,8,18,6,14,6,25,26,9,24,27,11,17,25,22,23,5,3,25,25,7,26,17,12,2017-18
1610612746,LA Clippers,82,42,40,0.512,48.1,40.3,85.4,0.471,9.5,26.8,0.354,19.0,25.5,0.743,10.1,33.7,43.9,22.3,14.7,7.7,4.5,5.6,20.0,22.0,109.0,0.0,1,18,18,18,27,11,21,9,22,22,23,4,2,26,10,16,15,22,19,14,20,29,18,2,9,18,2017-18
1610612747,Los Angeles Lakers,82,35,47,0.427,48.5,40.7,88.4,0.461,10.0,29.1,0.345,16.6,23.3,0.714,10.7,35.7,46.4,23.8,15.8,7.7,4.7,5.5,21.2,20.5,108.1,-1.5,1,21,21,21,3,7,2,14,20,15,29,16,8,30,4,2,2,7,29,13,17,26,24,9,11,21,2017-18
1610612763,Memphis Grizzlies,82,22,60,0.268,48.1,36.7,82.8,0.444,9.2,26.2,0.352,16.6,21.1,0.786,9.5,31.0,40.5,21.5,15.0,7.5,4.8,5.1,23.2,20.4,99.3,-6.2,1,29,29,29,27,30,30,27,24,24,25,17,16,6,18,30,29,26,24,22,14,23,30,10,29,27,2017-18
1610612748,Miami Heat,82,44,38,0.537,48.6,38.8,85.3,0.455,11.0,30.6,0.36,14.7,19.5,0.755,9.3,34.2,43.5,22.7,14.4,7.6,5.3,4.6,20.1,19.4,103.4,0.5,1,15,15,15,2,19,23,17,11,9,16,26,25,22,21,13,18,17,16,21,6,10,20,21,23,16,2017-18
1610612749,Milwaukee Bucks,82,44,38,0.537,48.4,39.7,83.0,0.478,8.8,24.7,0.355,18.3,23.4,0.783,8.4,31.5,39.8,23.2,13.8,8.8,5.4,4.5,21.4,19.9,106.5,-0.3,1,15,15,15,8,14,28,3,27,25,22,5,7,8,29,28,30,14,11,2,5,7,26,16,15,20,2017-18
1610612750,Minnesota Timberwolves,82,47,35,0.573,48.3,41.0,86.1,0.476,8.0,22.5,0.357,19.4,24.1,0.804,10.3,31.6,42.0,22.7,12.5,8.4,4.2,4.7,18.2,20.9,109.5,2.2,1,12,12,12,12,4,15,4,30,30,19,3,5,2,7,27,24,18,2,6,24,12,3,5,8,10,2017-18
1610612740,New Orleans Pelicans,82,48,34,0.585,48.7,42.7,88.3,0.483,10.2,28.2,0.362,16.1,20.9,0.772,8.7,35.6,44.3,26.8,14.9,8.0,5.9,4.2,19.1,20.4,111.7,1.3,1,8,8,8,1,2,3,2,18,18,13,19,17,15,26,3,10,3,22,8,3,4,8,13,3,13,2017-18
1610612752,New York Knicks,82,29,53,0.354,48.4,40.7,87.7,0.464,8.2,23.3,0.352,14.9,19.0,0.787,10.5,33.6,44.0,23.3,14.7,6.7,5.1,4.7,20.5,18.4,104.5,-3.6,1,22,22,22,8,9,5,12,29,29,27,24,28,5,5,19,13,13,21,29,8,14,22,28,18,23,2017-18
1610612760,Oklahoma City Thunder,82,48,34,0.585,48.4,39.9,88.1,0.453,10.7,30.4,0.354,17.3,24.2,0.716,12.5,32.6,45.1,21.3,14.0,9.1,5.0,4.6,20.2,21.3,107.9,3.4,1,8,8,8,8,13,4,18,15,11,24,10,4,29,1,26,5,28,13,1,11,9,21,3,12,7,2017-18
1610612753,Orlando Magic,82,25,57,0.305,48.1,38.8,85.9,0.452,10.3,29.3,0.351,15.5,20.5,0.757,8.8,32.8,41.6,23.4,14.5,7.6,4.9,4.9,19.3,19.0,103.4,-4.8,1,26,26,26,23,20,17,19,17,14,28,23,21,21,25,24,26,11,17,20,13,19,11,24,24,25,2017-18
1610612755,Philadelphia 76ers,82,52,30,0.634,48.2,40.8,86.6,0.472,11.0,29.8,0.369,17.1,22.8,0.752,10.9,36.5,47.4,27.1,16.5,8.3,5.1,5.1,22.1,20.4,109.8,4.5,1,5,5,5,16,5,13,8,12,12,10,11,10,23,3,1,1,2,30,7,9,21,29,11,7,4,2017-18
1610612756,Phoenix Suns,82,21,61,0.256,48.1,38.5,87.1,0.442,9.3,27.9,0.334,17.7,23.9,0.741,10.3,33.9,44.1,21.3,15.7,6.9,4.5,6.0,22.0,20.9,103.9,-9.4,1,30,30,30,27,24,7,28,23,20,30,7,6,27,8,15,12,29,28,27,21,30,28,4,21,30,2017-18
1610612757,Portland Trail Blazers,82,49,33,0.598,48.2,39.3,87.0,0.452,10.3,28.1,0.366,16.7,20.9,0.8,10.2,35.3,45.5,19.5,13.5,7.0,5.2,5.1,19.5,19.1,105.6,2.6,1,7,7,7,18,15,8,20,16,19,11,15,18,3,9,5,3,30,8,26,7,22,13,23,16,9,2017-18
1610612758,Sacramento Kings,82,27,55,0.329,48.2,38.8,86.1,0.45,9.0,24.0,0.375,12.3,16.7,0.735,9.5,31.4,40.9,21.6,13.7,7.8,4.1,4.7,20.0,17.3,98.8,-7.0,1,24,24,24,18,21,15,22,26,28,3,30,30,28,19,29,28,25,9,11,25,14,19,30,30,28,2017-18
1610612759,San Antonio Spurs,82,47,35,0.573,48.1,39.0,85.4,0.457,8.5,24.1,0.352,16.1,20.9,0.772,10.4,33.9,44.2,22.8,13.1,7.7,5.6,3.9,17.2,19.7,102.7,2.9,1,12,12,12,23,17,22,16,28,27,26,19,18,13,6,14,11,15,4,14,4,2,1,18,27,8,2017-18
1610612761,Toronto Raptors,82,59,23,0.72,48.4,41.3,87.4,0.472,11.8,33.0,0.358,17.3,21.8,0.794,9.8,34.2,44.0,24.3,13.4,7.6,6.1,4.9,21.7,19.9,111.7,7.8,1,2,2,2,8,3,6,7,4,3,18,9,13,4,14,11,14,6,6,18,2,18,27,16,4,2,2017-18
1610612762,Utah Jazz,82,48,34,0.585,48.2,38.3,82.9,0.462,10.8,29.6,0.366,16.8,21.5,0.779,9.0,34.2,43.3,22.4,14.7,8.6,5.1,4.6,19.6,20.5,104.1,4.3,1,8,8,8,18,26,29,13,13,13,12,14,15,12,23,11,20,21,20,4,9,11,16,8,19,5,2017-18
1610612764,Washington Wizards,82,43,39,0.524,48.4,39.9,85.6,0.467,9.9,26.5,0.375,16.8,21.8,0.772,10.0,33.1,43.1,25.2,14.6,7.9,4.3,4.7,21.3,20.0,106.6,0.6,1,17,17,17,5,12,19,11,21,23,4,13,14,16,13,22,21,4,18,10,22,13,25,15,13,15,2017-18
1610612737,Atlanta Hawks,82,29,53,0.354,48.4,41.4,91.8,0.451,13.0,37.0,0.352,17.6,23.4,0.752,11.6,34.5,46.1,25.8,17.0,8.2,5.1,5.5,23.6,22.2,113.3,-6.0,1,26,26,26,7,15,4,21,4,3,16,18,12,21,4,18,12,10,30,11,14,24,29,5,12,26,2018-19
1610612738,Boston Celtics,82,49,33,0.598,48.2,42.1,90.5,0.465,12.6,34.5,0.365,15.6,19.5,0.802,9.8,34.7,44.5,26.3,12.8,8.6,5.3,3.9,20.4,19.5,112.4,4.4,1,9,9,9,18,11,9,14,6,7,7,28,29,4,20,16,22,5,3,4,10,2,12,26,14,6,2018-19
1610612751,Brooklyn Nets,82,42,40,0.512,48.7,40.3,89.7,0.449,12.8,36.2,0.353,19.0,25.5,0.745,11.0,35.6,46.6,23.8,15.1,6.6,4.1,5.3,21.5,22.0,112.2,-0.1,1,14,14,14,1,20,14,25,5,5,14,6,4,24,10,10,7,21,26,27,28,22,23,7,15,15,2018-19
1610612766,Charlotte Hornets,82,39,43,0.476,48.4,40.2,89.8,0.448,11.9,33.9,0.351,18.4,23.1,0.797,9.9,33.9,43.8,23.2,12.2,7.2,4.9,6.0,18.9,20.6,110.7,-1.1,1,17,17,17,11,21,12,26,11,10,18,9,16,6,19,22,23,24,2,21,18,29,3,18,19,18,2018-19
1610612741,Chicago Bulls,82,22,60,0.268,48.5,39.8,87.9,0.453,9.1,25.9,0.351,16.2,20.7,0.783,8.8,34.1,42.9,21.9,14.1,7.4,4.3,5.8,20.3,18.7,104.9,-8.4,1,27,27,27,3,23,22,20,30,27,19,25,26,11,30,21,25,27,19,20,26,28,9,30,27,27,2018-19
1610612739,Cleveland Cavaliers,82,19,63,0.232,48.2,38.9,87.6,0.444,10.3,29.1,0.355,16.4,20.7,0.792,10.7,31.9,42.7,20.7,13.5,6.5,2.4,5.6,20.0,19.4,104.5,-9.6,1,28,28,28,24,26,23,28,20,24,13,22,27,7,12,28,26,29,9,28,30,27,6,28,29,30,2018-19
1610612742,Dallas Mavericks,82,33,49,0.402,48.2,38.8,86.9,0.447,12.5,36.6,0.34,18.8,25.3,0.742,10.1,35.2,45.3,23.4,14.2,6.5,4.3,4.5,20.1,23.2,108.9,-1.3,1,22,22,22,18,28,28,27,7,4,27,7,5,25,16,14,16,22,20,29,26,6,8,2,21,20,2018-19
1610612743,Denver Nuggets,82,54,28,0.659,48.1,41.9,90.0,0.466,11.0,31.4,0.351,15.8,20.9,0.755,11.9,34.5,46.4,27.4,13.4,7.7,4.4,5.0,20.0,20.4,110.7,4.0,1,4,4,4,27,12,11,13,18,16,17,27,25,20,2,17,8,2,8,13,24,14,7,20,20,8,2018-19
1610612765,Detroit Pistons,82,41,41,0.5,48.4,38.8,88.3,0.44,12.1,34.8,0.348,17.3,23.1,0.747,11.4,33.6,45.0,22.5,13.8,6.9,4.0,5.1,22.1,21.3,107.0,-0.2,1,16,16,16,7,27,19,29,9,6,23,19,17,23,5,24,18,26,11,22,29,17,26,11,25,17,2018-19
1610612744,Golden State Warriors,82,57,25,0.695,48.3,44.0,89.8,0.491,13.3,34.4,0.385,16.3,20.4,0.801,9.7,36.5,46.2,29.4,14.3,7.6,6.4,3.6,21.4,19.5,117.7,6.5,1,3,3,3,15,1,13,1,3,8,3,23,28,5,21,3,11,1,21,15,1,1,22,27,2,2,2018-19
1610612745,Houston Rockets,82,53,29,0.646,48.4,39.2,87.4,0.449,16.1,45.4,0.356,19.3,24.4,0.791,10.2,31.9,42.1,21.2,13.3,8.5,4.9,4.5,22.0,20.0,113.9,4.8,1,5,5,5,11,25,26,24,1,1,12,3,7,9,14,29,28,28,6,5,18,8,25,24,11,5,2018-19
1610612754,Indiana Pacers,82,48,34,0.585,48.1,41.3,87.0,0.475,9.5,25.4,0.374,15.8,21.1,0.752,9.3,33.7,43.0,26.0,13.7,8.7,4.9,5.2,19.4,20.0,108.0,3.3,1,11,11,11,30,16,27,4,29,29,5,26,23,22,25,23,24,9,10,3,20,21,4,23,22,10,2018-19
1610612746,LA Clippers,82,48,34,0.585,48.4,41.3,87.5,0.471,10.0,25.8,0.388,22.6,28.5,0.792,9.7,35.8,45.5,24.0,14.5,6.8,4.7,6.1,23.3,24.0,115.1,0.9,1,11,11,11,11,17,24,7,25,28,2,1,1,8,22,8,13,18,22,23,22,30,28,1,5,13,2018-19
1610612747,Los Angeles Lakers,82,37,45,0.451,48.2,42.6,90.5,0.47,10.3,31.0,0.333,16.3,23.3,0.699,10.2,36.4,46.6,25.6,15.7,7.5,5.4,5.1,20.7,20.8,111.8,-1.7,1,20,20,20,18,6,8,9,20,17,29,24,14,29,15,4,6,11,29,16,8,20,13,15,16,23,2018-19
1610612763,Memphis Grizzlies,82,33,49,0.402,48.5,38.0,84.4,0.45,9.9,28.9,0.342,17.7,23.0,0.772,8.8,33.0,41.8,23.9,14.0,8.3,5.5,4.9,22.0,21.4,103.5,-2.6,1,22,22,22,4,30,30,23,27,25,25,15,18,15,29,26,29,19,15,6,4,13,24,9,30,24,2018-19
1610612748,Miami Heat,82,39,43,0.476,48.1,39.6,88.0,0.45,11.3,32.4,0.349,15.1,21.7,0.695,11.2,35.1,46.3,24.3,14.7,7.6,5.5,4.7,20.9,20.1,105.7,-0.2,1,17,17,17,27,24,21,22,15,14,21,29,22,30,7,15,10,17,23,14,4,11,15,22,26,16,2018-19
1610612749,Milwaukee Bucks,82,60,22,0.732,48.2,43.4,91.1,0.476,13.5,38.2,0.353,17.9,23.2,0.773,9.3,40.4,49.7,26.0,13.9,7.5,5.9,4.8,19.6,20.2,118.1,8.9,1,1,1,1,18,3,6,3,2,2,15,12,15,14,25,1,1,7,13,17,2,12,5,21,1,1,2018-19
1610612750,Minnesota Timberwolves,82,36,46,0.439,48.4,41.6,91.3,0.456,10.1,28.7,0.351,19.1,24.3,0.787,11.3,33.5,44.8,24.6,13.1,8.3,5.0,5.5,20.3,21.9,112.5,-1.5,1,21,21,21,11,13,5,17,23,26,20,4,8,10,6,25,19,15,4,7,17,25,10,8,13,22,2018-19
1610612740,New Orleans Pelicans,82,33,49,0.402,48.2,43.7,92.2,0.473,10.3,29.9,0.344,17.8,23.4,0.761,11.1,36.2,47.3,27.0,14.8,7.4,5.4,5.4,21.1,21.0,115.4,-1.3,1,22,22,22,24,2,3,6,22,21,24,13,11,18,8,6,5,3,24,18,7,23,19,13,3,21,2018-19
1610612752,New York Knicks,82,17,65,0.207,48.2,38.2,88.3,0.433,10.0,29.5,0.34,18.1,23.9,0.759,10.5,34.3,44.7,20.1,14.0,6.8,5.1,5.6,20.9,20.8,104.6,-9.2,1,30,30,30,18,29,18,30,24,22,28,11,10,19,13,20,20,30,17,24,13,26,16,14,28,28,2018-19
1610612760,Oklahoma City Thunder,82,49,33,0.598,48.4,42.6,94.0,0.454,11.4,32.6,0.348,17.8,25.0,0.713,12.6,35.5,48.1,23.4,14.0,9.3,5.2,5.1,22.4,22.5,114.5,3.4,1,9,9,9,7,5,1,19,13,13,22,14,6,28,1,11,2,23,14,1,12,16,27,3,7,9,2018-19
1610612753,Orlando Magic,82,42,40,0.512,48.2,40.4,89.1,0.454,11.4,32.1,0.356,15.0,19.2,0.782,10.0,35.4,45.4,25.5,13.2,6.6,5.4,4.4,18.6,18.7,107.3,0.7,1,14,14,14,18,18,15,18,12,15,11,30,30,12,17,13,15,12,5,26,6,5,2,29,24,14,2018-19
1610612755,Philadelphia 76ers,82,51,31,0.622,48.3,41.5,88.2,0.471,10.8,30.2,0.359,21.2,27.5,0.771,10.9,36.9,47.8,26.9,14.9,7.4,5.3,4.1,21.3,22.1,115.2,2.7,1,7,7,7,15,14,20,8,19,19,8,2,2,16,11,2,4,4,25,19,11,4,20,6,4,11,2018-19
1610612756,Phoenix Suns,82,19,63,0.232,48.5,40.1,87.4,0.459,9.6,29.3,0.329,17.6,22.7,0.779,9.1,31.3,40.4,23.9,15.6,9.0,5.1,5.0,23.6,20.7,107.5,-9.3,1,28,28,28,4,22,25,16,28,23,30,17,20,13,28,30,30,20,28,2,15,15,29,17,23,29,2018-19
1610612757,Portland Trail Blazers,82,53,29,0.646,48.4,42.3,90.6,0.467,11.0,30.7,0.359,19.0,23.3,0.814,11.8,36.2,48.0,23.0,13.8,6.7,5.0,5.1,20.4,20.7,114.7,4.2,1,5,5,5,7,7,7,12,17,18,9,5,13,2,3,7,3,25,11,25,16,18,11,16,6,7,2018-19
1610612758,Sacramento Kings,82,39,43,0.476,48.1,43.2,93.1,0.464,11.3,29.9,0.378,16.5,22.7,0.726,11.0,34.4,45.4,25.4,13.4,8.3,4.4,5.1,21.4,21.4,114.2,-1.1,1,17,17,17,27,4,2,15,16,20,4,21,19,27,9,19,14,14,7,10,24,18,21,10,9,19,2018-19
1610612759,San Antonio Spurs,82,48,34,0.585,48.3,42.3,88.4,0.478,9.9,25.3,0.392,17.2,21.0,0.819,9.2,35.5,44.7,24.5,12.1,6.1,4.7,4.0,18.1,19.6,111.7,1.7,1,11,11,11,15,8,17,2,26,30,1,20,24,1,27,12,21,16,1,30,21,3,1,25,18,12,2018-19
1610612761,Toronto Raptors,82,58,24,0.707,48.5,42.2,89.1,0.474,12.4,33.8,0.366,17.7,22.0,0.804,9.6,35.6,45.2,25.4,14.0,8.3,5.3,4.5,21.0,20.5,114.4,6.1,1,2,2,2,4,9,16,5,8,11,6,16,21,3,24,9,17,13,16,9,9,6,17,19,8,3,2018-19
1610612762,Utah Jazz,82,50,32,0.61,48.2,40.4,86.4,0.468,12.1,34.0,0.356,18.8,25.5,0.736,10.0,36.4,46.4,26.0,15.1,8.1,5.9,4.6,21.1,22.4,111.7,5.3,1,8,8,8,24,19,29,10,9,9,10,8,3,26,18,5,9,8,27,12,3,9,18,4,17,4,2018-19
1610612764,Washington Wizards,82,32,50,0.39,48.6,42.1,90.1,0.468,11.3,33.3,0.341,18.4,23.9,0.768,9.7,32.7,42.4,26.3,14.1,8.3,4.6,4.6,20.7,21.2,114.0,-2.9,1,25,25,25,2,10,10,11,14,12,26,10,9,17,23,27,27,6,18,7,23,10,13,12,10,25,2018-19
1610612737,Atlanta Hawks,67,20,47,0.299,48.6,40.6,90.6,0.449,12.0,36.1,0.333,18.5,23.4,0.79,9.9,33.4,43.3,24.0,16.2,7.8,5.1,6.4,23.1,21.0,111.8,-8.0,23,26,28,27,4,17,7,23,16,8,30,12,15,10,19,23,22,17,28,13,12,30,30,13,17,29,2019-20
1610612738,Boston Celtics,72,48,24,0.667,48.4,41.3,89.6,0.461,12.6,34.5,0.364,18.6,23.2,0.801,10.7,35.4,46.1,23.0,13.8,8.3,5.6,5.5,21.6,20.7,113.7,6.3,11,5,5,5,10,12,11,17,12,13,13,11,18,5,6,11,8,25,8,6,5,25,20,15,9,3,2019-20
1610612751,Brooklyn Nets,72,35,37,0.486,48.6,40.4,90.3,0.448,13.1,38.1,0.343,17.9,24.1,0.745,10.6,37.3,47.9,24.5,15.3,6.4,4.5,5.3,21.0,21.1,111.8,-0.6,11,14,14,14,5,19,10,24,9,5,26,15,9,25,9,2,2,15,24,27,23,21,16,10,16,15,2019-20
1610612766,Charlotte Hornets,65,23,42,0.354,48.5,37.3,85.9,0.434,12.1,34.3,0.352,16.2,21.6,0.748,11.0,31.8,42.8,23.8,14.6,6.6,4.1,5.0,18.8,20.6,102.9,-6.8,26,23,21,22,9,30,26,30,15,14,19,26,25,24,3,29,26,19,14,26,25,20,3,16,30,27,2019-20
1610612741,Chicago Bulls,65,22,43,0.338,48.2,39.6,88.6,0.447,12.2,35.1,0.348,15.5,20.5,0.755,10.5,31.4,41.9,23.2,15.5,10.0,4.1,5.9,21.8,19.2,106.8,-3.1,26,24,23,24,21,25,16,26,14,11,22,28,27,21,13,30,29,23,27,1,26,28,24,29,27,22,2019-20
1610612739,Cleveland Cavaliers,65,19,46,0.292,48.4,40.3,87.9,0.458,11.2,31.8,0.351,15.1,19.9,0.758,10.8,33.4,44.2,23.1,16.5,6.9,3.2,6.3,18.3,19.6,106.9,-7.9,26,28,26,29,13,20,24,19,21,20,20,29,29,20,4,22,19,24,30,25,30,29,1,26,26,28,2019-20
1610612742,Dallas Mavericks,75,43,32,0.573,48.5,41.7,90.3,0.461,15.1,41.3,0.367,18.6,23.8,0.779,10.5,36.4,46.9,24.7,12.7,6.1,4.8,4.1,19.5,21.3,117.0,4.9,1,12,13,13,8,9,9,16,2,2,10,10,11,14,11,4,4,14,2,29,16,5,6,9,3,6,2019-20
1610612743,Denver Nuggets,73,46,27,0.63,48.6,42.0,88.9,0.473,11.0,30.6,0.359,16.2,20.9,0.777,10.8,33.4,44.1,26.7,13.8,8.0,4.6,4.4,20.3,20.5,111.3,2.1,3,6,6,6,2,8,15,4,24,26,15,25,26,16,5,24,20,4,7,9,19,8,11,17,19,11,2019-20
1610612765,Detroit Pistons,66,20,46,0.303,48.4,39.3,85.7,0.459,12.0,32.7,0.367,16.6,22.4,0.743,9.8,32.0,41.7,24.1,15.3,7.4,4.5,5.6,19.7,19.8,107.2,-3.6,24,26,26,26,15,28,27,18,18,17,11,22,22,26,21,27,30,16,25,21,22,27,8,24,25,23,2019-20
1610612744,Golden State Warriors,65,15,50,0.231,48.4,38.6,88.2,0.438,10.4,31.3,0.334,18.7,23.2,0.803,10.0,32.9,42.8,25.6,14.9,8.2,4.6,4.9,20.1,20.1,106.3,-8.7,26,30,30,30,13,29,21,29,28,25,29,9,16,4,18,26,24,9,19,7,20,17,10,21,28,30,2019-20
1610612745,Houston Rockets,72,44,28,0.611,48.3,40.8,90.4,0.451,15.6,45.3,0.345,20.6,26.1,0.791,9.8,34.5,44.3,21.6,14.7,8.7,5.2,4.9,21.8,21.0,117.8,3.0,11,8,7,8,17,16,8,22,1,1,24,2,2,8,20,16,18,29,15,3,10,15,23,12,2,7,2019-20
1610612754,Indiana Pacers,73,45,28,0.616,48.3,42.1,88.5,0.476,10.2,28.0,0.363,15.0,19.1,0.787,8.7,34.1,42.8,25.9,13.2,7.4,5.2,4.6,19.8,18.8,109.4,2.0,3,7,7,7,20,7,18,2,29,30,14,30,30,12,28,20,25,7,5,20,11,11,9,30,23,13,2019-20
1610612746,LA Clippers,72,49,23,0.681,48.3,41.6,89.2,0.466,12.4,33.5,0.371,20.8,26.3,0.791,10.7,37.0,47.7,23.7,14.6,7.1,4.7,4.7,22.1,22.9,116.3,6.4,11,4,4,4,17,10,14,12,13,16,6,1,1,9,8,3,3,22,13,24,18,13,26,1,4,2,2019-20
1610612747,Los Angeles Lakers,71,52,19,0.732,48.1,42.3,88.3,0.48,11.0,31.6,0.349,17.7,24.3,0.729,10.7,35.1,45.7,25.4,15.2,8.6,6.6,3.7,20.7,21.7,113.4,5.8,21,3,2,3,28,4,20,1,23,23,21,17,8,28,7,13,9,10,22,5,1,1,14,5,11,5,2019-20
1610612763,Memphis Grizzlies,73,34,39,0.466,48.1,42.5,90.9,0.468,10.9,31.5,0.347,16.6,21.8,0.763,10.3,36.2,46.5,26.9,15.2,7.9,5.5,5.3,21.2,20.2,112.6,-1.1,3,16,15,16,29,3,6,7,25,24,23,23,24,19,14,5,5,2,23,12,7,22,18,20,14,17,2019-20
1610612748,Miami Heat,73,44,29,0.603,48.6,39.5,84.4,0.468,13.4,35.4,0.379,19.7,25.2,0.783,8.5,35.9,44.4,25.9,14.9,7.5,4.5,4.1,20.6,21.7,112.0,2.9,3,8,11,11,2,26,30,10,6,9,2,5,4,13,29,6,17,5,18,18,21,4,13,7,15,8,2019-20
1610612749,Milwaukee Bucks,73,56,17,0.767,48.2,43.3,90.9,0.476,13.8,38.9,0.355,18.3,24.7,0.742,9.5,42.2,51.7,25.9,15.1,7.2,5.9,4.5,19.6,21.7,118.7,10.1,3,1,1,1,24,1,4,3,4,4,18,14,6,27,25,1,1,6,20,23,3,9,7,6,1,1,2019-20
1610612750,Minnesota Timberwolves,64,19,45,0.297,48.6,40.4,91.6,0.441,13.3,39.7,0.336,19.1,25.4,0.753,10.5,34.3,44.8,23.8,15.3,8.7,5.7,5.5,21.4,21.6,113.3,-4.3,30,28,24,28,1,18,1,28,8,3,28,7,3,23,10,18,14,20,26,4,4,26,19,8,12,24,2019-20
1610612740,New Orleans Pelicans,72,30,42,0.417,48.4,42.6,91.6,0.465,13.6,36.9,0.37,17.1,23.4,0.729,11.1,35.4,46.5,26.8,16.4,7.5,5.0,4.8,21.2,21.1,115.8,-1.3,11,21,21,21,10,2,2,13,5,7,7,20,14,29,2,10,6,3,29,19,13,14,17,11,5,20,2019-20
1610612752,New York Knicks,66,21,45,0.318,48.4,40.0,89.3,0.447,9.6,28.4,0.337,16.3,23.5,0.694,12.0,34.5,46.5,22.1,14.3,7.6,4.7,5.0,22.2,19.8,105.8,-6.5,24,25,24,25,15,24,13,25,30,29,27,24,12,30,1,17,6,27,11,17,17,19,28,25,29,26,2019-20
1610612760,Oklahoma City Thunder,72,44,28,0.611,48.4,40.0,85.5,0.468,10.7,30.2,0.355,19.8,24.8,0.796,8.2,34.7,42.9,21.7,13.7,7.6,4.9,4.0,19.3,22.8,110.4,2.0,11,8,7,8,10,23,28,8,27,27,17,4,5,7,30,15,23,28,6,16,15,3,4,2,21,12,2019-20
1610612753,Orlando Magic,73,33,40,0.452,48.1,39.3,88.6,0.444,11.1,32.2,0.343,17.6,22.7,0.774,10.3,34.2,44.5,23.9,12.8,8.2,5.4,4.6,18.3,19.5,107.3,-1.0,3,18,19,18,29,27,17,27,22,19,25,19,20,17,15,19,16,18,4,8,8,12,2,28,24,16,2019-20
1610612755,Philadelphia 76ers,73,43,30,0.589,48.2,41.1,87.9,0.468,11.6,31.6,0.368,16.9,22.4,0.755,10.5,35.0,45.4,25.8,14.2,8.0,5.3,4.0,20.9,20.5,110.7,2.4,3,12,12,12,24,14,25,11,19,22,9,21,21,22,12,14,10,8,10,9,9,2,15,18,20,10,2019-20
1610612756,Phoenix Suns,73,34,39,0.466,48.2,41.2,88.1,0.468,11.4,31.8,0.358,19.9,23.8,0.834,9.8,33.8,43.5,27.2,14.8,7.7,4.0,5.5,22.0,22.6,113.6,0.2,3,16,15,16,24,13,22,9,20,21,16,3,10,1,22,21,21,1,16,15,29,24,25,3,10,14,2019-20
1610612757,Portland Trail Blazers,74,35,39,0.473,48.2,42.2,91.2,0.463,12.9,34.1,0.377,17.7,22.1,0.804,10.2,35.1,45.3,20.6,12.8,6.3,6.1,4.9,21.7,20.1,115.0,-1.1,2,14,15,15,27,5,3,14,10,15,3,18,23,3,16,12,12,30,3,28,2,16,22,22,6,19,2019-20
1610612758,Sacramento Kings,72,31,41,0.431,48.5,40.9,88.4,0.462,12.7,34.9,0.364,15.7,20.3,0.77,9.7,32.9,42.6,23.8,14.5,7.7,4.1,4.2,22.2,19.5,110.1,-2.0,11,20,20,20,7,15,19,15,11,12,12,27,28,18,23,25,27,21,12,14,27,6,27,27,22,21,2019-20
1610612759,San Antonio Spurs,71,32,39,0.451,48.5,42.2,89.4,0.472,10.7,28.5,0.376,19.0,23.4,0.81,9.0,35.6,44.6,24.7,12.6,7.3,5.5,4.3,19.4,20.1,114.1,-1.1,21,19,15,19,6,6,12,5,26,28,4,8,13,2,27,9,15,13,1,22,6,7,5,23,8,18,2019-20
1610612761,Toronto Raptors,72,53,19,0.736,48.3,40.2,87.9,0.458,13.8,37.0,0.374,18.5,23.2,0.796,9.5,35.9,45.4,25.2,14.8,8.8,5.0,5.5,21.7,20.4,112.8,6.2,11,2,2,2,17,21,23,20,3,6,5,13,17,6,24,7,11,11,17,2,13,23,21,19,13,4,2019-20
1610612762,Utah Jazz,72,44,28,0.611,48.2,40.1,85.1,0.471,13.4,35.2,0.38,17.8,22.8,0.779,9.1,35.8,44.9,22.4,15.1,6.1,4.1,4.6,20.4,20.8,111.3,2.5,11,8,7,8,22,22,29,6,7,10,1,16,19,15,26,8,13,26,21,30,28,10,12,14,18,9,2019-20
1610612764,Washington Wizards,72,25,47,0.347,48.2,41.5,90.9,0.457,12.0,32.6,0.368,19.4,24.6,0.788,10.2,31.9,42.0,25.0,14.2,8.0,4.3,5.0,22.7,22.2,114.4,-4.7,11,22,28,23,22,11,5,21,17,18,8,6,7,11,17,28,28,12,9,11,24,18,29,4,7,25,2019-20
1610612737,Atlanta Hawks,72,41,31,0.569,48.3,40.8,87.2,0.468,12.4,33.4,0.373,19.7,24.2,0.812,10.6,35.1,45.6,24.1,13.2,7.0,4.8,5.0,19.3,19.8,113.7,2.3,1,11,11,11,11,19,23,17,17,19,12,2,4,5,7,10,5,19,9,24,17,17,18,9,13,9,2020-21
1610612738,Boston Celtics,72,36,36,0.5,48.3,41.5,88.9,0.466,13.6,36.4,0.374,16.1,20.8,0.775,10.6,33.6,44.3,23.5,14.1,7.7,5.3,4.6,20.4,19.3,112.6,1.5,1,16,16,16,16,13,11,19,11,10,10,25,25,16,4,22,15,25,16,13,6,11,24,13,16,13,2020-21
1610612751,Brooklyn Nets,72,48,24,0.667,48.3,43.1,87.3,0.494,14.2,36.1,0.392,18.1,22.5,0.804,8.9,35.5,44.4,26.8,13.5,6.7,5.3,4.6,19.0,18.9,118.6,4.5,1,4,4,4,11,6,21,1,7,12,2,5,8,6,27,5,14,7,13,27,7,9,13,18,2,7,2020-21
1610612766,Charlotte Hornets,72,33,39,0.458,48.2,39.9,87.8,0.455,13.7,37.0,0.369,15.9,20.9,0.761,10.6,33.2,43.8,26.8,14.8,7.8,4.8,4.8,18.0,18.6,109.5,-1.9,1,19,19,19,19,22,20,22,10,9,14,26,24,21,6,25,19,5,24,10,16,14,5,21,23,23,2020-21
1610612741,Chicago Bulls,72,31,41,0.431,48.3,42.2,88.6,0.476,12.6,34.0,0.37,13.8,17.5,0.791,9.6,35.3,45.0,26.8,15.1,6.7,4.2,5.1,18.9,17.7,110.7,-0.9,1,21,21,21,16,10,14,9,16,17,13,30,30,11,19,8,11,8,27,28,27,18,10,30,21,20,2020-21
1610612739,Cleveland Cavaliers,72,22,50,0.306,48.4,38.6,85.8,0.45,10.0,29.7,0.336,16.7,22.4,0.743,10.4,32.3,42.8,23.8,15.5,7.8,4.5,5.9,18.2,20.2,103.8,-8.4,1,26,26,26,6,29,28,25,29,28,30,14,9,26,10,28,24,21,29,12,20,29,7,6,30,28,2020-21
1610612742,Dallas Mavericks,72,42,30,0.583,48.1,41.1,87.3,0.47,13.8,38.1,0.362,16.5,21.2,0.778,9.1,34.2,43.3,22.9,12.1,6.3,4.3,3.7,19.4,20.1,112.4,2.3,1,8,8,8,24,18,22,13,8,6,18,18,20,15,25,17,21,26,3,30,26,2,19,7,17,11,2020-21
1610612743,Denver Nuggets,72,47,25,0.653,48.6,43.3,89.2,0.485,12.9,34.2,0.377,15.7,19.5,0.803,10.5,33.9,44.4,26.8,13.5,8.1,4.5,4.5,19.1,19.2,115.1,4.9,1,5,5,5,1,4,9,4,15,16,8,27,27,7,8,19,13,5,12,8,21,7,14,15,8,6,2020-21
1610612765,Detroit Pistons,72,20,52,0.278,48.4,38.7,85.6,0.452,11.6,32.9,0.351,17.8,23.4,0.759,9.6,33.1,42.7,24.2,14.9,7.4,5.2,5.8,20.5,20.4,106.6,-4.5,1,29,29,29,6,28,29,24,22,21,22,7,5,24,18,26,25,18,25,17,8,28,26,5,27,25,2020-21
1610612744,Golden State Warriors,72,39,33,0.542,48.1,41.3,88.2,0.468,14.6,38.7,0.376,16.6,21.1,0.785,8.0,35.1,43.0,27.7,15.0,8.2,4.8,4.3,21.2,19.5,113.7,1.1,1,14,14,14,24,15,17,14,3,5,9,16,21,13,30,12,22,1,26,6,17,6,28,11,12,14,2020-21
1610612745,Houston Rockets,72,17,55,0.236,48.1,39.3,88.5,0.444,13.8,40.6,0.339,16.5,22.3,0.74,9.3,33.3,42.6,23.6,14.7,7.6,5.0,5.3,19.5,19.3,108.8,-7.9,1,30,30,30,24,25,15,28,9,3,28,17,10,27,23,24,27,24,23,14,14,21,21,14,24,27,2020-21
1610612754,Indiana Pacers,72,34,38,0.472,48.5,43.3,91.2,0.474,12.3,34.0,0.364,16.4,20.7,0.792,9.0,33.7,42.7,27.4,13.5,8.5,6.4,5.3,20.2,18.1,115.3,0.0,1,17,17,17,4,3,3,11,18,18,17,20,26,9,26,21,26,2,13,5,1,23,22,26,6,17,2020-21
1610612746,LA Clippers,72,47,25,0.653,48.0,41.8,86.7,0.482,14.3,34.7,0.411,16.2,19.3,0.839,9.4,34.7,44.2,24.4,13.2,7.1,4.1,4.2,19.2,18.1,114.0,6.2,1,5,5,5,30,12,25,5,6,14,1,24,28,1,21,14,17,17,7,20,29,5,17,27,10,2,2020-21
1610612747,Los Angeles Lakers,72,42,30,0.583,48.5,40.6,86.1,0.472,11.1,31.2,0.354,17.2,23.3,0.739,9.7,34.6,44.2,24.7,15.2,7.8,5.4,4.5,19.1,21.3,109.5,2.8,1,8,8,8,4,21,27,12,25,24,21,11,6,28,17,15,16,15,28,11,5,8,16,3,22,8,2020-21
1610612763,Memphis Grizzlies,72,38,34,0.528,48.3,42.8,91.8,0.467,11.2,31.4,0.356,16.4,21.3,0.771,11.2,35.3,46.5,26.9,13.3,9.1,5.1,5.2,18.7,18.3,113.3,1.0,1,15,15,15,11,7,2,18,24,23,20,19,17,18,2,9,4,4,10,1,12,20,9,25,15,15,2020-21
1610612748,Miami Heat,72,40,32,0.556,48.3,39.2,83.7,0.468,12.9,36.2,0.358,16.7,21.1,0.79,8.0,33.5,41.5,26.3,14.1,7.9,4.0,4.0,18.9,19.6,108.1,0.0,1,13,13,13,16,26,30,15,14,11,19,13,21,12,29,23,29,9,17,9,30,4,12,10,25,16,2020-21
1610612749,Milwaukee Bucks,72,46,26,0.639,48.1,44.7,91.8,0.487,14.4,37.1,0.389,16.2,21.4,0.76,10.3,37.8,48.1,25.5,13.8,8.1,4.6,4.8,17.3,18.3,120.1,5.9,1,7,7,7,22,1,1,3,5,8,5,23,16,23,12,1,2,14,15,7,19,15,2,24,1,3,2020-21
1610612750,Minnesota Timberwolves,72,23,49,0.319,48.3,40.7,90.9,0.448,13.1,37.6,0.349,17.6,23.1,0.761,10.5,33.0,43.5,25.6,14.3,8.8,5.5,5.5,20.9,19.9,112.1,-5.6,1,25,25,25,11,20,6,27,12,7,25,8,7,22,9,27,20,11,19,3,3,26,27,8,18,26,2020-21
1610612740,New Orleans Pelicans,72,31,41,0.431,48.4,42.5,89.1,0.477,10.6,30.4,0.348,19.0,26.1,0.729,11.7,35.7,47.4,26.0,14.6,7.6,4.4,5.9,18.0,21.3,114.6,-0.3,1,21,21,21,6,9,10,7,27,25,26,4,2,29,1,3,3,10,22,15,24,30,4,2,9,18,2020-21
1610612752,New York Knicks,72,41,31,0.569,48.4,39.4,86.5,0.456,11.8,30.0,0.392,16.4,20.9,0.784,9.7,35.5,45.1,21.4,12.9,7.0,5.1,5.4,20.5,17.9,107.0,2.3,1,11,11,11,6,24,26,21,21,27,3,21,23,14,16,7,9,29,6,21,11,25,25,29,26,10,2020-21
1610612760,Oklahoma City Thunder,72,22,50,0.306,48.2,38.8,88.0,0.441,11.9,35.1,0.339,15.5,21.3,0.725,9.9,35.7,45.6,22.1,16.1,7.0,4.4,5.3,18.1,18.6,105.0,-10.6,1,26,26,26,19,27,19,29,20,13,29,29,17,30,14,3,6,27,30,23,23,21,6,23,28,30,2020-21
1610612753,Orlando Magic,72,21,51,0.292,48.1,38.3,89.2,0.429,10.9,31.8,0.343,16.6,21.4,0.775,10.4,35.1,45.4,21.8,12.8,6.9,4.4,5.3,17.2,18.6,104.0,-9.3,1,28,28,28,22,30,8,30,26,22,27,15,15,17,11,10,7,28,5,25,22,24,1,20,29,29,2020-21
1610612755,Philadelphia 76ers,72,49,23,0.681,48.4,41.4,86.9,0.476,11.3,30.1,0.374,19.6,25.5,0.767,10.0,35.0,45.1,23.7,14.4,9.1,6.2,4.7,20.2,21.0,113.6,5.6,1,3,3,3,6,14,24,8,23,26,11,3,3,20,13,13,10,22,21,1,2,12,23,4,14,5,2020-21
1610612756,Phoenix Suns,72,51,21,0.708,48.6,43.3,88.3,0.49,13.1,34.6,0.378,15.6,18.7,0.834,8.8,34.2,42.9,26.9,12.5,7.2,4.3,3.6,19.1,18.0,115.3,5.8,1,2,2,2,1,2,16,2,13,15,7,28,29,2,28,18,23,3,4,19,25,1,14,28,7,4,2020-21
1610612757,Portland Trail Blazers,72,42,30,0.583,48.1,41.3,91.1,0.453,15.7,40.8,0.385,17.8,21.6,0.823,10.6,33.9,44.5,21.3,11.1,6.9,5.0,4.6,18.9,19.1,116.1,1.8,1,8,8,8,24,15,4,23,2,2,6,6,13,3,3,20,12,30,1,25,13,10,10,16,5,12,2020-21
1610612758,Sacramento Kings,72,31,41,0.431,48.1,42.6,88.6,0.481,12.1,33.3,0.364,16.4,22.0,0.745,9.4,32.0,41.4,25.5,13.4,7.5,5.0,4.7,19.4,18.7,113.7,-3.7,1,21,21,21,24,8,13,6,19,20,16,21,11,25,22,30,30,12,11,16,15,13,20,19,11,24,2020-21
1610612759,San Antonio Spurs,72,33,39,0.458,48.6,41.9,90.5,0.462,9.9,28.4,0.35,17.4,22.0,0.792,9.3,34.6,43.9,24.4,11.4,7.0,5.1,5.1,18.0,18.6,111.1,-1.7,1,19,19,19,1,11,7,20,30,30,24,9,12,10,24,16,18,16,2,22,10,19,3,22,20,21,2020-21
1610612761,Toronto Raptors,72,27,45,0.375,48.1,39.7,88.7,0.448,14.5,39.3,0.368,17.4,21.3,0.815,9.4,32.1,41.6,24.1,13.2,8.6,5.4,5.6,21.2,19.5,111.3,-0.5,1,24,24,24,24,23,12,26,4,4,15,10,17,4,20,29,28,20,8,4,4,27,28,12,19,19,2020-21
1610612762,Utah Jazz,72,52,20,0.722,48.2,41.3,88.1,0.468,16.7,43.0,0.389,17.2,21.5,0.799,10.6,37.6,48.3,23.7,14.2,6.6,5.2,3.9,18.5,19.0,116.4,9.3,1,1,1,1,19,17,18,16,1,1,4,12,14,8,4,2,1,23,18,29,8,3,8,17,4,1,2020-21
1610612764,Washington Wizards,72,34,38,0.472,48.3,43.2,90.9,0.475,10.2,29.0,0.351,20.1,26.2,0.769,9.7,35.5,45.2,25.5,14.4,7.3,4.1,4.8,21.6,22.0,116.6,-1.8,1,17,17,17,11,5,5,10,28,29,23,1,1,19,15,6,8,13,20,18,28,15,30,1,3,22,2020-21
1610612737,Atlanta Hawks,82,43,39,0.524,48.1,41.5,88.3,0.47,12.9,34.4,0.374,18.1,22.3,0.812,10.0,33.9,44.0,24.6,11.9,7.2,4.2,4.5,18.7,20.3,113.9,1.6,1,16,16,16,30,11,13,7,11,18,2,3,11,4,17,17,20,15,1,22,23,10,7,6,6,14,2021-22
1610612738,Boston Celtics,82,51,31,0.622,48.5,40.7,87.4,0.466,13.2,37.1,0.356,17.0,20.9,0.816,10.5,35.5,46.1,24.8,13.6,7.2,5.8,4.6,18.5,19.4,111.8,7.3,1,6,6,6,2,13,18,15,8,9,14,14,24,2,11,4,5,14,13,19,2,11,5,20,12,2,2021-22
1610612751,Brooklyn Nets,82,44,38,0.537,48.2,42.0,88.4,0.475,11.5,31.7,0.361,17.5,21.7,0.805,10.3,34.1,44.4,25.3,14.1,7.1,5.5,4.9,20.4,19.7,112.9,0.8,1,14,14,14,19,5,12,4,24,28,10,10,14,6,14,15,13,10,17,24,5,21,22,16,9,15,2021-22
1610612766,Charlotte Hornets,82,43,39,0.524,48.5,42.8,91.4,0.468,13.9,38.2,0.365,15.8,21.4,0.74,10.8,33.7,44.6,28.1,13.3,8.6,4.9,4.6,19.9,19.6,115.3,0.4,1,16,16,16,3,4,3,11,5,6,6,25,19,27,9,21,12,1,10,5,11,12,18,18,4,16,2021-22
1610612741,Chicago Bulls,82,46,36,0.561,48.1,41.7,86.9,0.48,10.6,28.8,0.369,17.5,21.5,0.813,8.7,33.7,42.3,23.9,12.8,7.1,4.1,5.0,18.8,18.2,111.6,-0.4,1,12,12,12,24,7,20,3,29,30,4,9,17,3,29,22,28,19,6,23,25,24,8,28,13,20,2021-22
1610612739,Cleveland Cavaliers,82,44,38,0.537,48.1,39.7,84.6,0.469,11.6,32.8,0.355,16.8,22.1,0.76,10.2,34.0,44.2,25.2,14.4,7.1,4.2,4.6,17.5,20.0,107.8,2.1,1,14,14,14,24,21,29,9,20,22,15,18,12,21,16,16,15,11,22,26,24,15,1,11,25,13,2021-22
1610612742,Dallas Mavericks,82,52,30,0.634,48.2,39.3,85.1,0.461,13.1,37.4,0.35,16.4,21.2,0.771,9.3,33.8,43.0,23.4,12.5,6.7,4.0,3.7,19.7,20.1,108.0,3.3,1,5,5,5,19,25,27,18,10,8,19,22,22,16,24,20,24,25,3,29,28,1,14,10,24,8,2021-22
1610612743,Denver Nuggets,82,48,34,0.585,48.3,41.7,86.3,0.483,12.7,35.9,0.353,16.7,21.0,0.795,9.2,34.9,44.1,27.8,14.5,7.2,3.7,4.8,20.0,19.9,112.7,2.3,1,10,10,10,8,8,23,2,14,13,16,19,23,8,25,9,17,3,26,18,29,17,20,13,10,11,2021-22
1610612765,Detroit Pistons,82,23,59,0.28,48.2,38.2,88.6,0.431,11.3,34.6,0.326,17.2,22.0,0.782,11.0,32.0,43.0,23.5,14.2,7.7,4.8,5.2,21.9,19.8,104.8,-7.7,1,28,28,28,13,29,11,29,26,16,29,13,13,13,8,29,25,24,20,10,14,26,30,14,28,26,2021-22
1610612744,Golden State Warriors,82,53,29,0.646,48.1,40.5,86.4,0.469,14.3,39.4,0.364,15.6,20.3,0.769,9.8,35.7,45.5,27.1,14.9,8.8,4.5,3.9,21.0,18.0,111.0,5.5,1,3,3,3,24,17,21,10,3,3,8,26,26,17,20,2,7,5,29,4,18,2,27,29,15,5,2021-22
1610612745,Houston Rockets,82,20,62,0.244,48.2,39.4,86.4,0.456,13.5,38.7,0.349,17.5,24.5,0.713,9.6,32.4,42.0,23.6,16.5,7.3,4.7,5.8,20.6,22.1,109.7,-8.5,1,30,30,30,19,24,22,24,7,4,21,10,1,30,21,28,30,23,30,17,15,28,26,1,19,29,2021-22
1610612754,Indiana Pacers,82,25,57,0.305,48.5,41.4,89.5,0.463,12.2,35.4,0.344,16.4,21.4,0.768,11.3,32.6,43.9,25.4,14.4,7.1,5.6,4.9,20.4,19.2,111.5,-3.5,1,26,26,26,3,12,7,17,16,15,25,20,18,19,5,26,21,9,23,24,4,20,24,22,14,24,2021-22
1610612746,LA Clippers,82,42,40,0.512,48.2,40.1,87.4,0.458,12.8,34.2,0.374,15.5,19.6,0.793,9.1,34.9,44.0,24.0,13.7,7.4,5.0,4.1,18.6,18.5,108.4,0.0,1,18,18,18,13,20,17,21,12,20,3,27,30,9,26,10,19,16,14,15,8,6,6,26,23,18,2021-22
1610612747,Los Angeles Lakers,82,33,49,0.402,48.7,41.6,88.8,0.469,12.0,34.5,0.347,16.8,23.0,0.732,9.5,34.5,44.0,24.0,14.5,7.6,5.2,4.1,20.2,20.1,112.1,-3.0,1,23,23,23,1,9,10,8,18,17,22,17,9,29,23,12,18,17,27,11,7,5,21,9,11,22,2021-22
1610612763,Memphis Grizzlies,82,56,26,0.683,48.2,43.5,94.4,0.461,11.5,32.7,0.353,17.0,23.1,0.734,14.1,35.0,49.2,26.0,13.2,9.8,6.5,6.0,19.8,19.8,115.6,5.7,1,2,2,2,13,2,1,19,23,23,17,15,7,28,1,8,1,6,9,1,1,30,17,14,2,4,2021-22
1610612748,Miami Heat,82,53,29,0.646,48.4,39.6,84.8,0.467,13.6,35.8,0.379,17.3,21.4,0.808,9.8,33.9,43.7,25.5,14.6,7.4,3.2,4.0,20.5,20.6,110.0,4.5,1,3,3,3,5,22,28,13,6,14,1,12,19,5,18,18,22,8,28,16,30,4,25,3,17,6,2021-22
1610612749,Milwaukee Bucks,82,51,31,0.622,48.2,41.8,89.4,0.468,14.1,38.4,0.366,17.8,22.9,0.776,10.2,36.5,46.7,23.9,13.4,7.6,4.0,4.4,18.2,19.7,115.5,3.4,1,6,6,6,19,6,8,12,4,5,5,8,10,15,15,1,2,18,12,13,27,9,3,17,3,7,2021-22
1610612750,Minnesota Timberwolves,82,46,36,0.561,48.2,41.6,91.0,0.457,14.8,41.3,0.358,18.0,23.1,0.778,11.2,32.9,44.2,25.7,14.3,8.8,5.6,4.8,21.8,20.9,115.9,2.6,1,12,12,12,13,10,5,22,1,1,12,4,8,14,6,25,16,7,21,3,3,19,29,2,1,9,2021-22
1610612740,New Orleans Pelicans,82,36,46,0.439,48.2,40.2,88.0,0.457,10.6,32.1,0.332,18.3,23.2,0.789,12.0,33.2,45.2,25.0,14.1,8.3,4.0,4.8,19.7,20.5,109.3,-1.0,1,20,20,20,19,19,16,23,28,24,27,2,6,10,3,24,11,13,17,7,26,16,14,4,21,21,2021-22
1610612752,New York Knicks,82,37,45,0.451,48.2,37.7,86.2,0.437,13.2,36.9,0.357,18.0,24.1,0.744,11.5,34.6,46.1,21.9,13.3,7.0,4.9,4.6,20.4,20.4,106.5,-0.1,1,19,19,19,13,30,24,27,9,10,13,5,2,26,4,11,4,30,10,27,13,13,23,5,26,19,2021-22
1610612760,Oklahoma City Thunder,82,24,58,0.293,48.3,38.3,89.1,0.43,12.1,37.4,0.323,15.0,19.9,0.756,10.4,35.2,45.6,22.2,14.0,7.6,4.6,6.0,18.3,17.8,103.7,-8.1,1,27,27,27,8,27,9,30,17,7,30,30,28,24,12,6,6,28,15,14,16,29,4,30,30,28,2021-22
1610612753,Orlando Magic,82,22,60,0.268,48.2,38.3,88.3,0.434,12.2,36.9,0.331,15.5,19.7,0.787,9.1,35.2,44.3,23.7,14.5,6.8,4.5,5.2,19.7,18.3,104.2,-8.0,1,29,29,29,13,28,14,28,15,11,28,28,29,11,27,7,14,20,25,28,20,27,14,27,29,27,2021-22
1610612755,Philadelphia 76ers,82,51,31,0.622,48.3,39.4,84.5,0.466,11.6,31.8,0.364,19.6,23.8,0.821,8.5,33.8,42.3,23.7,12.5,7.7,5.3,4.6,19.4,19.4,109.9,2.6,1,6,6,6,8,23,30,16,22,27,7,1,3,1,30,19,29,21,4,9,6,13,12,19,18,10,2021-22
1610612756,Phoenix Suns,82,64,18,0.78,48.1,43.7,90.1,0.485,11.6,31.9,0.364,15.9,19.9,0.797,9.8,35.5,45.3,27.4,12.9,8.6,4.4,4.0,19.9,18.9,114.8,7.5,1,1,1,1,24,1,6,1,21,26,9,24,27,7,19,5,10,4,7,6,22,3,19,24,5,1,2021-22
1610612757,Portland Trail Blazers,82,27,55,0.329,48.1,38.5,87.1,0.442,12.7,36.8,0.346,16.4,21.6,0.76,10.4,32.5,42.9,22.9,14.5,8.0,4.5,5.0,21.1,19.4,106.2,-8.9,1,25,25,25,24,26,19,26,13,12,23,21,16,22,12,27,27,26,24,8,21,23,28,21,27,30,2021-22
1610612758,Sacramento Kings,82,30,52,0.366,48.3,40.5,88.1,0.46,11.4,33.2,0.344,17.9,23.3,0.768,9.6,33.4,42.9,23.7,14.1,7.2,4.5,4.8,18.9,20.3,110.3,-5.5,1,24,24,24,8,18,15,20,25,21,24,7,5,18,22,23,26,22,19,20,19,18,11,7,16,25,2021-22
1610612759,San Antonio Spurs,82,34,48,0.415,48.3,43.2,92.7,0.467,11.3,32.0,0.352,15.4,20.4,0.754,11.0,34.3,45.3,27.9,12.7,7.6,4.9,4.9,18.1,18.9,113.2,0.1,1,22,22,22,8,3,2,14,26,25,18,29,25,25,7,13,9,2,5,11,10,21,2,24,8,17,2021-22
1610612761,Toronto Raptors,82,48,34,0.585,48.4,40.6,91.3,0.445,11.9,34.2,0.349,16.2,21.3,0.759,13.4,32.0,45.3,22.1,12.5,9.0,4.6,5.1,19.6,19.1,109.4,2.3,1,10,10,10,5,14,4,25,19,19,20,23,21,23,2,30,8,29,2,2,17,25,13,23,20,12,2021-22
1610612762,Utah Jazz,82,49,33,0.598,48.1,40.6,86.2,0.471,14.5,40.3,0.36,17.9,23.4,0.767,10.8,35.6,46.3,22.4,14.0,7.2,4.9,4.3,18.9,20.3,113.6,6.0,1,9,9,9,24,15,25,6,2,2,11,6,4,20,10,3,3,27,16,20,11,8,10,8,7,3,2021-22
1610612764,Washington Wizards,82,35,47,0.427,48.4,40.6,86.0,0.472,10.5,30.6,0.342,17.0,21.7,0.783,9.0,34.1,43.1,25.0,13.1,6.4,5.0,4.2,18.8,19.9,108.6,-3.4,1,21,21,21,7,15,26,5,30,29,26,15,15,12,28,14,23,12,8,30,8,7,9,12,22,23,2021-22
1610612737,Atlanta Hawks,82,41,41,0.5,48.4,44.6,92.4,0.483,10.8,30.5,0.352,18.5,22.6,0.818,11.2,33.2,44.4,25.0,12.9,7.1,4.9,5.0,18.8,19.7,118.4,0.3,1,17,17,17,8,1,3,9,26,28,21,16,20,3,9,12,10,18,3,18,12,21,6,19,3,18,2022-23
1610612738,Boston Celtics,82,57,25,0.695,48.7,42.2,88.8,0.475,16.0,42.6,0.377,17.5,21.6,0.812,9.7,35.6,45.3,26.7,13.4,6.4,5.2,3.9,18.8,19.1,117.9,6.5,1,2,2,2,1,13,15,14,2,2,6,24,28,4,20,3,7,7,7,27,6,4,7,25,4,1,2022-23
1610612751,Brooklyn Nets,82,45,37,0.549,48.1,41.5,85.1,0.487,12.8,33.8,0.378,17.7,22.1,0.8,8.2,32.3,40.5,25.5,13.7,7.1,6.2,3.9,21.1,18.5,113.4,0.9,1,9,9,9,29,21,28,7,9,13,5,19,25,7,29,20,29,13,14,16,1,3,25,28,20,15,2022-23
1610612766,Charlotte Hornets,82,27,55,0.329,48.4,41.3,90.4,0.457,10.7,32.5,0.33,17.6,23.6,0.749,11.0,33.5,44.5,25.1,14.2,7.7,5.2,5.7,20.3,20.3,111.0,-6.2,1,27,27,27,12,22,6,29,27,18,29,20,17,27,12,10,9,17,17,9,8,29,17,13,27,27,2022-23
1610612741,Chicago Bulls,82,40,42,0.488,48.5,42.5,86.8,0.49,10.4,28.9,0.361,17.6,21.8,0.809,8.5,33.9,42.4,24.5,13.4,7.9,4.5,4.7,18.9,18.7,113.1,1.3,1,19,19,19,4,11,21,4,30,30,16,21,26,5,28,9,22,20,8,7,19,18,8,27,22,13,2022-23
1610612739,Cleveland Cavaliers,82,51,31,0.622,48.5,41.6,85.2,0.488,11.6,31.6,0.367,17.5,22.5,0.78,9.7,31.4,41.1,24.9,13.3,7.1,4.7,4.4,19.0,20.4,112.3,5.4,1,5,5,5,5,20,27,5,19,24,12,23,21,19,22,25,25,19,6,15,14,13,9,10,25,2,2022-23
1610612742,Dallas Mavericks,82,38,44,0.463,48.6,40.0,84.3,0.475,15.2,41.0,0.371,19.0,25.1,0.755,7.6,31.2,38.8,22.9,12.2,6.3,3.7,3.8,20.7,21.8,114.2,0.1,1,21,21,21,3,28,29,15,3,3,8,12,6,23,30,27,30,28,2,29,28,2,23,1,16,19,2022-23
1610612743,Denver Nuggets,82,53,29,0.646,48.2,43.6,86.4,0.504,11.8,31.2,0.379,16.8,22.4,0.751,10.1,32.9,43.0,28.9,14.5,7.5,4.5,4.2,18.6,19.5,115.8,3.3,1,4,4,4,25,3,22,1,18,25,4,27,24,26,17,15,19,2,20,11,20,10,4,23,12,6,2022-23
1610612765,Detroit Pistons,82,17,65,0.207,48.3,39.6,87.1,0.454,11.4,32.4,0.351,19.8,25.7,0.771,11.2,31.3,42.4,23.0,15.1,7.0,3.8,5.5,22.1,21.0,110.3,-8.2,1,30,30,30,18,29,19,30,20,19,22,4,2,21,10,26,21,27,25,20,27,27,30,3,29,29,2022-23
1610612744,Golden State Warriors,82,44,38,0.537,48.4,43.1,90.2,0.479,16.6,43.2,0.385,16.0,20.2,0.794,10.5,34.1,44.6,29.8,16.3,7.2,4.0,4.0,21.4,18.4,118.9,1.8,1,11,11,11,12,5,8,12,1,1,2,29,30,9,14,7,8,1,30,14,25,6,28,30,2,11,2022-23
1610612745,Houston Rockets,82,22,60,0.268,48.2,40.6,88.9,0.457,10.4,31.9,0.327,19.1,25.3,0.754,13.4,32.9,46.3,22.4,16.2,7.3,4.6,6.2,20.5,20.6,110.7,-7.9,1,28,28,28,25,25,14,28,29,22,30,10,4,25,1,17,4,30,29,13,18,30,21,6,28,28,2022-23
1610612754,Indiana Pacers,82,35,47,0.427,48.2,42.0,89.6,0.469,13.6,37.0,0.367,18.7,23.7,0.79,10.1,31.4,41.5,27.0,14.9,7.7,5.8,5.3,21.2,20.2,116.3,-3.2,1,23,23,23,25,17,11,22,6,7,11,14,14,13,16,24,24,6,23,10,2,26,27,14,10,25,2022-23
1610612746,LA Clippers,82,44,38,0.537,48.4,41.1,86.1,0.477,12.7,33.3,0.381,18.7,23.9,0.781,9.8,33.4,43.2,23.9,14.2,7.1,4.4,4.2,19.5,19.6,113.6,0.5,1,11,11,11,12,23,24,13,10,14,3,15,11,18,19,11,17,24,18,18,21,10,10,21,18,17,2022-23
1610612747,Los Angeles Lakers,82,43,39,0.524,48.5,42.9,89.0,0.482,10.8,31.2,0.346,20.6,26.6,0.775,10.0,35.7,45.7,25.3,14.1,6.4,4.6,5.1,17.9,21.5,117.2,0.6,1,14,14,14,5,8,13,10,24,26,25,2,1,20,18,2,6,15,15,26,16,23,1,2,6,16,2022-23
1610612763,Memphis Grizzlies,82,51,31,0.622,48.2,43.7,92.1,0.475,12.0,34.2,0.351,17.5,23.8,0.733,12.0,34.6,46.6,26.0,13.6,8.3,5.8,5.2,20.0,20.0,116.9,3.9,1,5,5,5,22,2,4,16,16,11,23,25,13,30,4,4,2,9,12,3,3,24,14,16,9,4,2022-23
1610612748,Miami Heat,82,44,38,0.537,48.3,39.2,85.3,0.46,12.0,34.8,0.344,19.1,23.0,0.831,9.7,30.9,40.6,23.8,13.5,8.0,3.0,3.8,18.5,20.0,109.5,-0.3,1,11,11,11,18,30,26,26,17,10,27,10,19,2,20,29,27,25,9,6,30,1,3,17,30,21,2022-23
1610612749,Milwaukee Bucks,82,58,24,0.707,48.4,42.7,90.4,0.473,14.8,40.3,0.368,16.6,22.4,0.743,11.1,37.5,48.6,25.8,14.6,6.4,4.9,3.9,18.1,19.0,116.9,3.6,1,1,1,1,12,10,7,19,4,4,10,28,23,29,11,1,1,12,22,27,11,5,2,26,8,5,2022-23
1610612750,Minnesota Timberwolves,82,42,40,0.512,48.4,42.9,87.4,0.49,12.2,33.3,0.365,17.9,23.7,0.755,9.1,32.8,41.9,26.2,15.3,8.0,5.4,4.1,21.6,20.2,115.8,0.0,1,15,15,15,12,9,18,3,14,15,13,18,16,24,26,18,23,8,27,5,4,8,29,15,13,20,2022-23
1610612740,New Orleans Pelicans,82,42,40,0.512,48.4,42.0,87.6,0.48,11.0,30.1,0.364,19.3,24.4,0.793,10.6,33.1,43.7,25.9,14.6,8.3,4.1,4.7,20.5,20.4,114.4,1.9,1,15,15,15,8,16,17,11,23,29,15,8,10,11,13,13,13,11,21,2,24,17,20,12,15,10,2022-23
1610612752,New York Knicks,82,47,35,0.573,48.7,42.0,89.4,0.47,12.6,35.7,0.354,19.4,25.5,0.761,12.6,34.0,46.6,22.9,13.0,6.4,4.1,4.5,20.3,20.7,116.0,2.9,1,8,8,8,2,17,12,20,11,8,19,7,3,22,3,8,3,28,4,25,23,14,18,5,11,7,2022-23
1610612760,Oklahoma City Thunder,82,40,42,0.488,48.4,43.1,92.6,0.465,12.1,34.1,0.356,19.2,23.7,0.809,11.4,32.3,43.7,24.4,13.0,8.2,4.2,5.5,21.0,20.4,117.5,1.1,1,19,19,19,8,6,2,24,15,12,17,9,14,6,8,21,14,21,5,4,22,28,24,10,5,14,2022-23
1610612753,Orlando Magic,82,34,48,0.415,48.2,40.5,86.3,0.47,10.8,31.1,0.346,19.6,25.0,0.784,10.2,33.1,43.2,23.2,15.1,7.4,4.7,5.1,20.1,20.5,111.4,-2.6,1,25,25,25,22,26,23,21,25,27,24,6,8,16,15,14,16,26,24,12,15,22,16,7,26,24,2022-23
1610612755,Philadelphia 76ers,82,54,28,0.659,48.5,40.8,83.8,0.487,12.6,32.6,0.387,21.0,25.1,0.835,8.7,32.2,40.9,25.2,13.7,7.7,4.7,4.6,20.4,19.6,115.2,4.3,1,3,3,3,5,24,30,6,12,16,1,1,5,1,27,22,26,16,13,8,13,16,19,20,14,3,2022-23
1610612756,Phoenix Suns,82,45,37,0.549,48.2,42.1,90.1,0.467,12.2,32.6,0.374,17.2,21.7,0.793,11.8,32.4,44.2,27.3,13.5,7.1,5.3,4.0,21.2,19.9,113.6,2.1,1,9,9,9,22,15,9,23,13,17,7,26,27,10,5,19,11,4,11,16,5,7,26,18,17,9,2022-23
1610612757,Portland Trail Blazers,82,33,49,0.402,48.1,40.5,85.4,0.474,12.9,35.3,0.365,19.6,24.6,0.796,9.4,31.1,40.5,24.2,14.5,6.7,4.6,4.3,20.0,20.5,113.4,-4.0,1,26,26,26,29,27,25,17,8,9,14,5,9,8,24,28,28,22,19,24,17,12,14,8,19,26,2022-23
1610612758,Sacramento Kings,82,48,34,0.585,48.4,43.6,88.2,0.494,13.8,37.3,0.369,19.8,25.1,0.79,9.5,32.9,42.5,27.3,13.5,7.0,3.4,4.2,19.7,20.9,120.7,2.6,1,7,7,7,12,4,16,2,5,6,9,3,7,12,23,15,20,3,9,20,29,9,11,4,1,8,2022-23
1610612759,San Antonio Spurs,82,22,60,0.268,48.4,43.1,92.6,0.465,11.1,32.2,0.345,15.8,21.2,0.743,11.8,31.9,43.7,27.2,15.3,7.0,3.9,5.3,19.9,18.5,113.0,-10.0,1,28,28,28,8,6,1,25,22,20,26,30,29,28,7,23,12,5,26,22,26,25,12,29,23,30,2022-23
1610612761,Toronto Raptors,82,41,41,0.5,48.3,41.9,91.3,0.459,10.7,32.0,0.335,18.4,23.4,0.784,12.7,30.3,43.0,23.9,11.7,9.4,5.2,4.6,20.0,19.6,112.9,1.5,1,17,17,17,18,19,5,27,28,21,28,17,18,17,2,30,18,23,1,1,9,15,13,22,24,12,2022-23
1610612762,Utah Jazz,82,37,45,0.451,48.3,42.5,89.8,0.473,13.3,37.8,0.353,18.7,23.8,0.786,11.8,34.1,45.9,26.0,15.4,6.1,5.2,4.9,20.5,20.5,117.1,-0.9,1,22,22,22,18,12,10,18,7,5,20,13,12,14,6,6,5,10,28,30,7,19,21,8,7,22,2022-23
1610612764,Washington Wizards,82,35,47,0.427,48.2,42.1,86.9,0.485,11.3,31.7,0.356,17.6,22.4,0.785,9.4,34.2,43.6,25.4,14.1,6.8,5.2,5.0,18.8,19.4,113.2,-1.2,1,23,23,23,25,14,20,8,21,23,18,22,22,15,24,5,15,14,16,23,9,20,5,24,21,23,2022-23
1610612737,Atlanta Hawks,82,36,46,0.439,48.4,43.0,92.5,0.465,13.7,37.7,0.364,18.5,23.2,0.797,12.5,32.2,44.7,26.6,13.5,7.5,4.5,5.6,18.6,19.4,118.3,-2.2,1,21,21,21,3,10,2,21,6,7,17,5,7,8,3,22,6,16,16,16,26,22,15,7,5,21,2023-24
1610612738,Boston Celtics,82,64,18,0.78,48.4,43.9,90.2,0.487,16.5,42.5,0.388,16.3,20.2,0.807,10.7,35.6,46.3,26.9,11.9,6.8,6.6,3.7,16.2,17.3,120.6,11.3,1,1,1,1,7,4,8,8,1,1,2,19,26,7,14,1,2,14,1,27,1,1,2,30,2,1,2023-24
1610612751,Brooklyn Nets,82,32,50,0.39,48.3,40.7,89.1,0.456,13.3,36.7,0.362,15.8,20.9,0.756,11.4,32.6,44.1,25.6,13.1,6.8,5.2,5.0,18.5,18.2,110.4,-2.9,1,22,22,22,10,25,16,28,9,9,19,23,20,28,7,20,11,20,12,28,12,16,13,21,25,22,2023-24
1610612766,Charlotte Hornets,82,21,61,0.256,48.1,40.0,87.0,0.46,12.1,34.0,0.355,14.5,18.4,0.786,9.3,31.0,40.3,24.8,13.8,6.9,4.5,4.8,18.0,17.5,106.6,-10.2,1,27,27,27,23,27,25,26,23,17,21,30,30,11,27,29,30,26,18,25,25,13,7,29,28,30,2023-24
1610612741,Chicago Bulls,82,39,43,0.476,48.7,42.0,89.5,0.47,11.5,32.1,0.358,16.7,21.1,0.791,11.2,32.6,43.8,25.0,12.2,7.8,4.8,4.9,18.8,18.8,112.3,-1.4,1,20,20,20,1,16,13,18,27,26,20,17,18,10,8,19,14,23,3,9,18,14,17,14,22,20,2023-24
1610612739,Cleveland Cavaliers,82,48,34,0.585,48.3,41.8,87.2,0.479,13.5,36.8,0.367,15.6,20.4,0.765,9.8,33.4,43.3,28.0,13.6,7.4,4.6,5.0,17.5,18.7,112.6,2.4,1,11,11,11,10,19,24,12,7,8,15,26,24,22,22,11,17,8,17,19,21,17,5,16,20,13,2023-24
1610612742,Dallas Mavericks,82,50,32,0.61,48.1,43.1,89.7,0.481,14.6,39.5,0.369,17.0,22.5,0.758,9.7,33.2,42.9,25.7,12.5,6.9,5.0,4.0,18.3,20.3,117.9,2.2,1,6,6,6,26,9,12,11,3,2,13,15,11,27,23,14,21,19,4,24,17,2,10,2,7,14,2023-24
1610612743,Denver Nuggets,82,57,25,0.695,48.1,44.0,88.8,0.496,11.7,31.2,0.374,15.1,19.9,0.762,10.7,33.7,44.4,29.5,12.6,7.1,5.6,4.8,18.2,17.9,114.9,5.3,1,2,2,2,26,3,17,4,25,30,10,29,29,25,13,9,7,3,5,21,10,12,9,26,14,4,2023-24
1610612765,Detroit Pistons,82,14,68,0.171,48.2,40.9,88.2,0.463,11.0,31.7,0.348,17.0,21.7,0.785,10.5,32.8,43.3,25.5,15.2,6.5,4.7,6.0,20.6,17.8,109.9,-9.1,1,30,30,30,21,24,20,24,29,27,26,14,15,12,15,18,16,22,28,30,20,25,28,28,27,28,2023-24
1610612744,Golden State Warriors,82,46,36,0.561,48.4,43.7,91.6,0.477,14.8,38.9,0.38,15.6,20.0,0.78,12.1,34.6,46.7,29.3,14.3,7.0,4.6,5.0,19.5,17.9,117.8,2.6,1,16,16,16,7,5,3,13,2,4,7,24,27,17,5,4,1,4,23,23,23,15,22,24,8,12,2023-24
1610612745,Houston Rockets,82,41,41,0.5,48.4,41.8,91.0,0.459,12.7,36.1,0.352,18.1,23.4,0.773,11.5,34.0,45.5,24.8,12.7,7.8,4.6,5.9,20.8,19.6,114.3,1.1,1,19,19,19,3,19,5,27,14,12,23,9,5,20,6,6,3,25,8,8,24,24,29,6,16,18,2023-24
1610612754,Indiana Pacers,82,47,35,0.573,48.1,47.0,92.7,0.507,13.2,35.3,0.374,16.1,20.5,0.782,10.1,31.4,41.5,30.8,12.9,7.7,5.9,5.4,21.4,18.3,123.3,3.0,1,12,12,12,26,1,1,1,11,15,9,21,22,13,20,28,28,1,9,11,8,21,30,20,1,9,2023-24
1610612746,LA Clippers,82,51,31,0.622,48.1,42.4,86.7,0.489,12.6,33.2,0.381,18.3,22.2,0.825,10.0,32.9,43.0,25.6,13.1,7.8,5.0,4.7,18.5,18.7,115.6,3.3,1,5,5,5,26,14,26,6,16,21,6,8,12,3,21,17,19,21,13,7,15,9,14,15,12,7,2023-24
1610612747,Los Angeles Lakers,82,47,35,0.573,48.4,43.7,87.5,0.499,11.8,31.4,0.377,18.9,24.2,0.782,8.2,34.9,43.1,28.5,14.0,7.4,5.5,4.8,15.6,19.7,118.0,0.6,1,12,12,12,3,6,22,2,24,28,8,2,2,15,30,2,18,5,19,19,11,11,1,4,6,19,2023-24
1610612763,Memphis Grizzlies,82,27,55,0.329,48.2,38.4,88.2,0.435,13.1,37.8,0.346,16.0,21.0,0.764,10.9,31.7,42.6,24.7,15.1,8.2,6.1,6.5,19.1,18.8,105.8,-7.0,1,24,24,24,17,30,21,30,12,6,29,22,19,23,10,27,24,27,26,4,4,30,20,13,30,26,2023-24
1610612748,Miami Heat,82,46,36,0.561,48.2,39.8,85.6,0.465,12.5,33.7,0.37,18.0,22.0,0.818,9.3,33.0,42.3,25.8,12.7,7.5,3.4,4.7,17.3,18.9,110.1,1.8,1,16,16,16,21,28,28,22,19,18,12,10,13,5,26,16,26,18,6,15,30,10,4,11,26,16,2023-24
1610612749,Milwaukee Bucks,82,49,33,0.598,48.3,43.1,88.5,0.487,14.2,38.1,0.373,18.5,23.9,0.774,9.4,34.8,44.2,26.5,12.9,6.8,5.0,4.2,19.2,19.2,119.0,2.6,1,8,8,8,10,8,19,7,5,5,11,7,3,19,24,3,9,17,9,26,15,3,21,9,4,11,2023-24
1610612750,Minnesota Timberwolves,82,56,26,0.683,48.3,41.3,85.0,0.485,12.6,32.7,0.387,17.8,22.9,0.777,9.4,34.2,43.6,26.6,14.2,7.9,6.1,4.5,18.8,19.9,113.0,6.5,1,4,4,4,10,23,29,10,15,23,3,11,8,18,25,5,15,15,22,6,5,5,18,3,18,3,2023-24
1610612740,New Orleans Pelicans,82,49,33,0.598,48.1,42.5,87.4,0.486,12.5,32.6,0.383,17.6,22.8,0.771,10.4,33.6,44.0,27.0,13.0,8.3,4.6,5.2,18.4,18.4,115.1,4.4,1,8,8,8,26,12,23,9,18,24,4,13,9,21,17,10,13,13,11,3,22,19,11,18,13,6,2023-24
1610612752,New York Knicks,82,50,32,0.61,48.1,41.3,88.7,0.465,13.2,35.8,0.369,17.0,21.8,0.78,12.7,32.5,45.2,24.4,13.2,7.5,4.1,5.3,17.6,19.1,112.8,4.6,1,6,6,6,23,22,18,20,10,13,14,16,14,16,1,21,5,29,15,17,29,20,6,10,19,5,2023-24
1610612760,Oklahoma City Thunder,82,57,25,0.695,48.3,44.5,89.3,0.499,13.3,34.2,0.389,17.7,21.5,0.825,8.8,33.2,42.0,27.1,12.7,8.5,6.6,5.1,18.8,18.9,120.1,7.4,1,2,2,2,10,2,15,3,8,16,1,12,17,4,29,12,27,11,7,1,1,18,19,12,3,2,2023-24
1610612753,Orlando Magic,82,47,35,0.573,48.2,40.5,84.9,0.476,11.0,31.3,0.352,18.5,24.4,0.759,10.5,31.8,42.3,24.7,14.7,8.2,5.2,4.6,19.7,20.9,110.5,2.0,1,12,12,12,17,26,30,15,30,29,24,6,1,26,15,25,25,28,24,5,13,7,23,1,24,15,2023-24
1610612755,Philadelphia 76ers,82,47,35,0.573,48.2,41.5,89.4,0.464,12.1,33.3,0.363,19.5,23.6,0.826,11.0,31.9,43.0,24.9,12.0,8.5,6.0,6.1,20.3,18.5,114.6,3.0,1,12,12,12,17,21,14,23,22,19,18,1,4,2,9,23,20,24,2,1,6,27,27,17,15,9,2023-24
1610612756,Phoenix Suns,82,49,33,0.598,48.2,42.5,86.1,0.493,12.4,32.6,0.382,18.9,23.4,0.808,10.1,33.9,44.1,27.0,14.9,7.4,6.0,4.5,18.0,19.7,116.2,3.1,1,8,8,8,17,13,27,5,20,25,5,3,6,6,19,7,10,12,25,18,6,6,8,5,10,8,2023-24
1610612757,Portland Trail Blazers,82,21,61,0.256,48.5,39.4,89.7,0.439,11.5,33.2,0.345,16.2,20.5,0.791,12.6,30.1,42.7,23.1,15.2,7.6,4.3,6.4,20.2,17.9,106.4,-9.0,1,27,27,27,2,29,10,29,28,20,30,20,23,9,2,30,22,30,29,12,27,28,26,26,29,27,2023-24
1610612758,Sacramento Kings,82,46,36,0.561,48.4,43.3,90.9,0.477,14.4,39.3,0.366,15.5,20.9,0.745,10.8,33.2,44.0,28.3,13.1,7.6,4.2,4.5,19.9,18.3,116.6,1.7,1,16,16,16,3,7,6,14,4,3,16,27,21,30,12,15,12,7,13,13,28,4,24,19,9,17,2023-24
1610612759,San Antonio Spurs,82,22,60,0.268,48.4,41.9,90.7,0.462,12.6,36.4,0.347,15.6,20.0,0.782,10.4,33.9,44.2,29.9,15.1,7.1,6.3,4.6,17.2,17.9,112.1,-6.5,1,26,26,26,7,18,7,25,16,11,28,25,28,14,18,8,8,2,27,22,3,8,3,25,23,25,2023-24
1610612761,Toronto Raptors,82,25,57,0.305,48.3,42.3,89.7,0.471,11.5,33.1,0.347,16.3,21.6,0.756,10.9,31.8,42.7,28.5,14.0,7.7,4.7,5.8,18.4,18.1,112.4,-6.4,1,25,25,25,10,15,10,16,26,22,27,18,16,29,11,26,23,6,20,10,19,23,12,22,21,24,2023-24
1610612762,Utah Jazz,82,31,51,0.378,48.3,42.0,89.9,0.467,12.9,36.5,0.354,18.8,22.6,0.83,12.2,33.2,45.5,27.2,15.7,6.5,5.6,6.4,18.6,19.2,115.7,-4.9,1,23,23,23,10,17,9,19,13,10,22,4,10,1,4,12,3,10,30,29,9,28,16,8,11,23,2023-24
1610612764,Washington Wizards,82,15,67,0.183,48.1,43.0,91.4,0.47,12.4,35.5,0.348,15.4,20.2,0.764,9.2,31.9,41.1,27.9,14.0,7.6,5.1,6.0,20.0,18.0,113.7,-9.3,1,29,29,29,23,11,4,17,21,14,25,28,25,24,28,24,29,9,20,14,14,26,25,23,17,29,2023-24
