Player ID,Full Name,First Name,Last Name,Position,Games Played (Avg),Points Per Game (Avg),Rebounds Per Game (Avg),Assists Per Game (Avg),Steals Per Game (Avg),Blocks Per Game (Avg),Field Goal % (Avg),Free Throw % (Avg),Three Point % (Avg),Rating,Dollar Value
1630173,Precious Achiuwa,Precious,Achiuwa,precious_achiuwa,43.66666666666666,7.206106870229008,6.137404580152672,1.1603053435114503,0.7099236641221375,0.8396946564885496,0.4953333333333334,0.6026666666666667,0.2716666666666666,43.8,2
203500,Steven Adams,Steven,Adams,steven_adams,58.66666666666666,6.329545454545454,8.931818181818182,2.380681818181818,0.6988636363636364,0.7613636363636364,0.5630000000000001,0.4563333333333334,0.0,44.66,2
1628389,Bam Adebayo,Bam,Adebayo,bam_adebayo,74.66666666666667,19.223214285714285,9.705357142857142,3.8169642857142856,1.1919642857142856,0.8035714285714285,0.5153333333333333,0.7753333333333333,0.2656666666666666,74.16,4
1630534,Ochai Agbaji,Ochai,Agbaji,ochai_agbaji,47.333333333333336,7.901408450704225,3.225352112676056,1.2746478873239435,0.7394366197183099,0.5211267605633803,0.4383333333333333,0.6896666666666667,0.3156666666666666,39.97,1
1630583,Santi Aldama,Santi,Aldama,santi_aldama,67.66666666666667,10.645320197044336,5.610837438423645,2.083743842364532,0.689655172413793,0.6453201970443349,0.4626666666666666,0.6873333333333332,0.3566666666666666,50.04,2
1629638,Nickeil Alexander-Walker,Nickeil,Alexander-Walker,nickeil_alexander,66.66666666666667,8.28,2.455,2.515,0.69,0.4499999999999999,0.455,0.7573333333333334,0.3913333333333333,42.88,2
1628960,Grayson Allen,Grayson,Allen,grayson_allen,70.33333333333333,11.582938388625593,3.440758293838863,2.4976303317535544,0.8767772511848342,0.3696682464454977,0.4623333333333333,0.8663333333333334,0.4286666666666667,50.88,3
1628386,Jarrett Allen,Jarrett,Allen,jarrett_allen,75.66666666666667,14.726872246696033,10.02202643171806,2.118942731277533,0.8105726872246696,1.0484581497797356,0.6613333333333333,0.731,0.0333333333333333,63.75,4
1630631,Jose Alvarado,Jose,Alvarado,jose_alvarado,57.66666666666666,8.820809248554914,2.341040462427746,3.248554913294798,1.1560693641618498,0.2254335260115607,0.405,0.7656666666666666,0.3573333333333333,44.3,2
203937,Kyle Anderson,Kyle,Anderson,kyle_anderson,40.66666666666666,5.852459016393443,3.377049180327869,2.377049180327869,0.6557377049180328,0.5409836065573771,0.4706666666666666,0.7313333333333333,0.3516666666666666,40.1,1
203507,Giannis Antetokounmpo,Giannis,Antetokounmpo,giannis_antetokounmpo,67.66666666666667,30.6256157635468,11.729064039408865,6.246305418719212,0.9704433497536946,1.024630541871921,0.5883333333333334,0.6396666666666667,0.257,98.45,5
1630175,Cole Anthony,Cole,Anthony,cole_anthony,69.33333333333333,11.288461538461538,3.860576923076924,3.182692307692308,0.701923076923077,0.4807692307692308,0.4376666666666666,0.8476666666666667,0.3516666666666667,50.29,2
1628384,OG Anunoby,OG,Anunoby,og_anunoby,41.333333333333336,16.653225806451612,4.564516129032258,2.185483870967741,1.435483870967742,0.814516129032258,0.4843333333333333,0.7726666666666667,0.38,62.37,3
1630166,Deni Avdija,Deni,Avdija,deni_avdija,74.33333333333333,13.533632286995516,6.946188340807176,3.4887892376681613,0.8789237668161435,0.4484304932735427,0.473,0.753,0.3453333333333333,58.98,3
1629028,Deandre Ayton,Deandre,Ayton,deandre_ayton,54.0,16.660493827160494,10.382716049382717,1.660493827160494,0.7654320987654322,0.8271604938271605,0.575,0.75,0.1933333333333333,66.12,4
1630542,Marcus Bagley,Marcus,Bagley,marcus_bagley,10.0,6.7,7.0,1.0,0.9,1.2,0.391,0.8,0.156,43.69,2
1628963,Marvin Bagley III,Marvin,Bagley III,marvin_bagley_iii,20.666666666666668,4.387096774193548,2.7096774193548385,0.3548387096774193,0.2903225806451612,0.2580645161290322,0.5133333333333333,0.6586666666666666,0.1563333333333333,28.8,1
1628366,Lonzo Ball,Lonzo,Ball,lonzo_ball,41.66666666666666,12.192,4.5680000000000005,4.872,1.544,0.632,0.4009999999999999,0.782,0.3816666666666666,58.48,3
1630163,LaMelo Ball,LaMelo,Ball,lamelo_ball,35.0,24.26666666666667,5.485714285714286,7.866666666666666,1.3333333333333333,0.2666666666666666,0.4163333333333334,0.848,0.3566666666666666,80.98,5
1628964,Mo Bamba,Mo,Bamba,mohamed_bamba,21.33333333333333,4.3125,4.531250000000001,0.5625,0.28125,0.96875,0.458,0.7946666666666667,0.1926666666666666,34.51,1
1631094,Paolo Banchero,Paolo,Banchero,paolo_banchero,66.0,22.383838383838384,7.05050505050505,4.641414141414141,0.8434343434343434,0.5757575757575758,0.4446666666666667,0.73,0.319,73.55,4
1630217,Desmond Bane,Desmond,Bane,desmond_bane,56.333333333333336,21.13017751479289,5.289940828402367,5.047337278106508,1.059171597633136,0.4260355029585798,0.4756666666666667,0.8823333333333334,0.3936666666666666,72.71,4
1630625,Dalano Banton,Dalano,Banton,dalano_banton,40.333333333333336,9.223140495867767,2.586776859504132,2.371900826446281,0.6280991735537189,0.4462809917355371,0.3906666666666666,0.7693333333333333,0.2533333333333333,40.93,1
1631230,Dominick Barlow,Dominick,Barlow,dominick_barlow,32.0,4.1875,3.125,0.8229166666666666,0.3229166666666667,0.5104166666666666,0.5206666666666667,0.682,0.1973333333333333,31.78,1
203084,Harrison Barnes,Harrison,Barnes,harrison_barnes,82.0,13.17479674796748,3.760162601626016,1.475609756097561,0.6097560975609756,0.1463414634146341,0.485,0.819,0.3979999999999999,49.86,2
1630567,Scottie Barnes,Scottie,Barnes,scottie_barnes,67.33333333333333,17.93069306930693,7.465346534653466,5.504950495049505,1.2425742574257428,1.0495049504950495,0.459,0.7693333333333333,0.2976666666666667,72.4,4
1629628,RJ Barrett,RJ,Barrett,rj_barrett,38.66666666666666,20.629310344827587,5.870689655172415,4.370689655172414,0.6637931034482759,0.3362068965517241,0.4813333333333333,0.6966666666666667,0.3576666666666666,68.28,4
1629646,Charles Bassey,Charles,Bassey,charles_bassey,30.0,4.655555555555555,4.677777777777778,0.9555555555555556,0.4222222222222222,0.888888888888889,0.65,0.6880000000000001,0.125,38.09,1
1642419,Jamison Battle,Jamison,Battle,jamison_battle,59.0,7.101694915254237,2.6779661016949152,0.8983050847457628,0.288135593220339,0.1694915254237288,0.429,0.889,0.405,36.7,1
201587,Nicolas Batum,Nicolas,Batum,nicolas_batum,65.0,4.846153846153846,3.6256410256410256,1.717948717948718,0.7435897435897436,0.5538461538461539,0.4486666666666667,0.746,0.409,38.7,1
1641878,Damion Baugh,Damion,Baugh,damion_baugh,15.0,7.266666666666667,3.333333333333333,3.733333333333333,1.0,0.1333333333333333,0.323,0.867,0.214,40.36,1
203078,Bradley Beal,Bradley,Beal,bradley_beal,52.0,19.39743589743589,3.878205128205128,4.685897435897436,0.9935897435897436,0.5641025641025641,0.5053333333333333,0.8193333333333334,0.3936666666666666,67.98,4
1627736,Malik Beasley,Malik,Beasley,malik_beasley,72.0,13.708333333333334,3.2453703703703702,1.574074074074074,0.8148148148148148,0.1018518518518518,0.423,0.7446666666666667,0.3959999999999999,49.05,2
1630180,Saddiq Bey,Saddiq,Bey,saddiq_bey,46.66666666666666,13.75,5.521428571428572,1.5,0.8642857142857144,0.1714285714285714,0.43,0.8533333333333334,0.3536666666666666,52.83,3
1629048,Goga Bitadze,Goga,Bitadze,goga_bitadze,51.0,5.764705882352941,5.215686274509804,1.5294117647058822,0.5882352941176471,1.1764705882352942,0.5776666666666667,0.584,0.1786666666666666,41.9,2
202687,Bismack Biyombo,Bismack,Biyombo,bismack_biyombo,22.666666666666668,4.6764705882352935,5.397058823529411,1.2352941176470589,0.3970588235294117,0.8823529411764706,0.578,0.4593333333333333,0.0,34.96,1
1641710,Anthony Black,Anthony,Black,anthony_black,73.5,7.156462585034014,2.510204081632653,2.251700680272109,0.8231292517006803,0.4693877551020408,0.4445,0.687,0.356,40.28,1
203992,Bogdan Bogdanović,Bogdan,Bogdanović,bogdan_bogdanovic,36.0,10.796296296296298,2.9444444444444446,2.703703703703704,0.7592592592592592,0.2037037037037037,0.424,0.8786666666666667,0.3636666666666666,46.76,2
1629626,Bol Bol,Bol,Bol,bol_bol,49.66666666666666,7.3892617449664435,4.335570469798658,0.7248322147651007,0.3288590604026845,0.906040268456376,0.5623333333333334,0.7723333333333334,0.344,42.96,2
1641737,Adem Bona,Adem,Bona,adem_bona,58.0,5.810344827586207,4.224137931034483,0.4655172413793103,0.4482758620689655,1.1896551724137931,0.703,0.67,0.0,38.7,1
1626164,Devin Booker,Devin,Booker,devin_booker,65.33333333333333,26.70918367346939,4.3520408163265305,6.6020408163265305,0.913265306122449,0.3163265306122449,0.4823333333333333,0.8783333333333333,0.349,80.85,5
1630527,Brandon Boston,Brandon,Boston,brandon_boston_jr,32.0,7.895833333333333,2.25,1.3020833333333333,0.7604166666666666,0.1770833333333333,0.4193333333333333,0.7493333333333333,0.3443333333333333,37.86,1
1628449,Chris Boucher,Chris,Boucher,chris_boucher,58.66666666666666,8.727272727272728,4.840909090909091,0.4829545454545454,0.4829545454545454,0.6420454545454546,0.4973333333333333,0.7719999999999999,0.3403333333333334,43.58,2
1631103,Malaki Branham,Malaki,Branham,malaki_branham,62.66666666666666,8.5,2.021276595744681,1.7074468085106385,0.3776595744680851,0.0904255319148936,0.4433333333333333,0.8399999999999999,0.3513333333333333,38.48,1
1631128,Christian Braun,Christian,Braun,christian_braun,79.0,9.189873417721518,3.784810126582279,1.6708860759493671,0.7088607594936709,0.3755274261603376,0.5116666666666667,0.7153333333333333,0.3783333333333333,45.08,2
1628969,Mikal Bridges,Mikal,Bridges,mikal_bridges,73.33333333333333,18.25,3.9727272727272727,3.663636363636364,1.0045454545454546,0.5363636363636364,0.4663333333333333,0.8416666666666667,0.371,63.72,4
1628970,Miles Bridges,Miles,Bridges,miles_bridges,71.0,20.47887323943662,7.253521126760563,3.657276995305165,0.8591549295774648,0.6807511737089202,0.4613333333333333,0.8323333333333333,0.3309999999999999,70.91,4
1629052,Oshae Brissett,Oshae,Brissett,oshae_brissett,42.0,5.166666666666667,3.174603174603175,0.7301587301587302,0.4444444444444445,0.1904761904761904,0.439,0.63,0.3053333333333334,32.08,1
1627763,Malcolm Brogdon,Malcolm,Brogdon,malcolm_brogdon,43.333333333333336,14.753846153846156,3.992307692307692,4.307692307692308,0.6538461538461537,0.2384615384615384,0.4523333333333333,0.8563333333333333,0.3806666666666666,57.17,3
1628415,Dillon Brooks,Dillon,Brooks,dillon_brooks,73.33333333333333,13.704545454545457,3.4772727272727275,1.981818181818182,0.8590909090909091,0.1909090909090909,0.4176666666666667,0.8136666666666666,0.3606666666666667,50.39,3
1631232,Keion Brooks Jr.,Keion,Brooks Jr.,keion_brooks_jr,14.0,10.142857142857142,4.142857142857143,0.9285714285714286,0.7142857142857143,0.7142857142857143,0.486,0.733,0.326,45.94,2
1628971,Bruce Brown,Bruce,Brown,bruce_brown,27.33333333333333,8.292682926829269,4.0,2.048780487804878,0.8292682926829269,0.2439024390243902,0.422,0.8206666666666665,0.3316666666666666,42.97,2
1627759,Jaylen Brown,Jaylen,Brown,jaylen_brown,66.66666666666667,23.96,6.07,3.835,1.155,0.41,0.4843333333333333,0.7440000000000001,0.3376666666666666,74.8,5
1629650,Moses Brown,Moses,Brown,moses_brown,8.666666666666666,5.846153846153847,3.3846153846153846,0.1538461538461538,0.4615384615384615,0.3076923076923077,0.6893333333333334,0.7199999999999999,0.0,33.88,1
1628973,Jalen Brunson,Jalen,Brunson,jalen_brunson,70.0,26.357142857142858,3.361904761904762,6.738095238095238,0.9095238095238096,0.1714285714285714,0.4856666666666666,0.8323333333333333,0.3999999999999999,79.1,5
1628418,Thomas Bryant,Thomas,Bryant,thomas_bryant,44.0,6.5,3.803030303030303,0.8030303030303031,0.4242424242424242,0.6212121212121212,0.484,0.8963333333333333,0.3326666666666666,39.47,1
1641723,Kobe Bufkin,Kobe,Bufkin,kobe_bufkin,13.5,4.962962962962963,2.0,1.6296296296296295,0.3703703703703703,0.2592592592592592,0.3765,0.611,0.218,29.12,1
202692,Alec Burks,Alec,Burks,alec_burks,46.0,8.652173913043478,2.27536231884058,1.1811594202898552,0.4565217391304347,0.144927536231884,0.3666666666666666,0.7903333333333333,0.3673333333333333,37.16,1
1630215,Jared Butler,Jared,Butler,jared_butler,40.0,9.016666666666667,1.8333333333333333,3.6666666666666665,0.7,0.2166666666666666,0.4523333333333333,0.824,0.3576666666666666,44.1,2
202710,Jimmy Butler III,Jimmy,Butler III,jimmy_butler,36.66666666666666,17.527272727272727,5.381818181818183,5.418181818181818,1.4,0.3272727272727272,0.5066666666666667,0.8376666666666667,0.316,68.21,4
1641824,Matas Buzelis,Matas,Buzelis,matas_buzelis,80.0,8.6,3.475,0.9875,0.3625,0.9375,0.454,0.815,0.361,42.73,2
1631288,Jamal Cain,Jamal,Cain,jamal_cain,27.0,4.827160493827161,2.1481481481481484,0.5432098765432098,0.5432098765432098,0.1851851851851851,0.4736666666666667,0.7453333333333334,0.3433333333333332,32.07,1
203484,Kentavious Caldwell-Pope,Kentavious,Caldwell-Pope,kentavious_caldwell,76.33333333333333,9.873362445414848,2.445414847161572,2.192139737991267,1.349344978165939,0.4847161572052402,0.4536666666666666,0.8603333333333333,0.3903333333333333,47.88,2
1641739,Toumani Camara,Toumani,Camara,toumani_camara,74.0,9.52027027027027,5.358108108108108,1.7702702702702702,1.2297297297297298,0.5608108108108109,0.454,0.74,0.356,49.34,2
203991,Clint Capela,Clint,Capela,clint_capela,64.33333333333333,10.89637305699482,10.16580310880829,1.093264248704663,0.6321243523316062,1.233160621761658,0.5943333333333333,0.59,0.0,53.96,3
1642267,Bub Carrington,Bub,Carrington,carlton_carrington,82.0,9.841463414634148,4.158536585365853,4.439024390243903,0.6585365853658537,0.2560975609756097,0.401,0.812,0.339,48.57,2
1628975,Jevon Carter,Jevon,Carter,jevon_carter,63.0,6.142857142857143,1.5925925925925926,1.7513227513227512,0.6137566137566137,0.2539682539682539,0.3926666666666666,0.729,0.361,34.43,1
1628976,Wendell Carter Jr.,Wendell,Carter Jr.,wendell_carter_jr,60.0,11.605555555555556,7.611111111111112,2.0055555555555555,0.65,0.5666666666666667,0.5033333333333334,0.723,0.3213333333333333,54.18,3
1627936,Alex Caruso,Alex,Caruso,alex_caruso,64.0,7.661458333333333,3.270833333333333,3.005208333333333,1.5885416666666667,0.7604166666666666,0.4563333333333333,0.7973333333333334,0.375,48.47,2
1642264,Stephon Castle,Stephon,Castle,stephen_castle,81.0,14.691358024691358,3.6666666666666665,4.098765432098766,0.9135802469135802,0.2716049382716049,0.428,0.724,0.285,54.75,3
1630658,Colin Castleton,Colin,Castleton,colin_castleton,8.666666666666666,4.730769230769231,4.6923076923076925,1.076923076923077,0.3076923076923077,0.3846153846153846,0.3999999999999999,0.766,0.0833333333333333,31.36,1
1630577,Julian Champagnie,Julian,Champagnie,julian_champagnie,52.66666666666666,8.348101265822786,3.316455696202532,1.3544303797468351,0.6962025316455696,0.4873417721518988,0.2743333333333333,0.573,0.2453333333333333,35.85,1
1630551,Justin Champagnie,Justin,Champagnie,justin_champagnie,26.666666666666668,7.9875,5.1,1.0,0.9375,0.6,0.6403333333333333,0.495,0.2239999999999999,44.56,2
1631108,Max Christie,Max,Christie,max_christie,52.0,9.602564102564102,3.3076923076923075,1.871794871794872,0.8205128205128205,0.3974358974358974,0.4273333333333333,0.856,0.3659999999999999,44.99,2
1630528,Josh Christopher,Josh,Christopher,josh_christopher,50.66666666666666,6.49342105263158,1.7500000000000002,1.5197368421052633,0.6776315789473685,0.2039473684210526,0.4226666666666667,0.7173333333333334,0.238,33.61,1
1641740,Jaylen Clark,Jaylen,Clark,jaylen_clark,40.0,4.075,1.325,0.65,0.9,0.05,0.467,0.784,0.431,32.14,1
1629634,Brandon Clarke,Brandon,Clarke,brandon_clarke,42.0,9.206349206349207,5.301587301587301,1.1666666666666667,0.7222222222222222,0.626984126984127,0.6120000000000001,0.5223333333333333,0.131,44.58,2
203903,Jordan Clarkson,Jordan,Clarkson,jordan_clarkson,51.0,18.38562091503268,3.607843137254902,4.477124183006536,0.6470588235294118,0.1830065359477124,0.4216666666666666,0.8313333333333333,0.3313333333333333,60.68,3
1629651,Nic Claxton,Nic,Claxton,nicolas_claxton,72.33333333333333,11.640552995391706,8.861751152073733,2.0645161290322585,0.7972350230414746,2.004608294930876,0.6323333333333333,0.535,0.146,60.77,3
1642270,Donovan Clingan,Donovan,Clingan,donovan_clingan,67.0,6.507462686567164,7.865671641791045,1.1492537313432836,0.5074626865671642,1.6417910447761197,0.539,0.596,0.286,48.36,2
1641730,Noah Clowney,Noah,Clowney,noah_clowney,34.5,8.014492753623188,3.7971014492753614,0.8405797101449275,0.463768115942029,0.5362318840579711,0.448,0.7689999999999999,0.3485,40.37,1
1629599,Amir Coffey,Amir,Coffey,amir_coffey,64.0,6.932291666666667,1.8854166666666667,1.0729166666666667,0.4583333333333333,0.1354166666666666,0.443,0.8426666666666667,0.3546666666666667,35.41,1
1642268,Isaiah Collier,Isaiah,Collier,tmp_isaiah_collier,71.0,8.661971830985916,3.309859154929577,6.28169014084507,0.9295774647887324,0.2253521126760563,0.422,0.682,0.249,47.94,2
1628381,John Collins,John,Collins,john_collins,59.66666666666666,15.1731843575419,7.620111731843576,1.35195530726257,0.675977653631285,0.9720670391061452,0.5223333333333334,0.8153333333333334,0.354,61.4,3
1628380,Zach Collins,Zach,Collins,zach_collins,42.66666666666666,6.359375,4.5,1.734375,0.453125,0.453125,0.5033333333333334,0.8850000000000001,0.302,41.14,2
201144,Mike Conley,Mike,Conley,mike_conley,71.33333333333333,10.509345794392525,2.7196261682243,5.691588785046729,1.121495327102804,0.2102803738317757,0.4283333333333333,0.8816666666666667,0.4123333333333334,53.18,3
1626192,Pat Connaughton,Pat,Connaughton,pat_connaughton,59.333333333333336,6.235955056179775,3.544943820224719,1.7303370786516854,0.4831460674157303,0.2303370786516853,0.4319999999999999,0.7306666666666667,0.3349999999999999,37.07,1
1641731,Bilal Coulibaly,Bilal,Coulibaly,bilal_coulibaly,61.0,10.31967213114754,4.508196721311475,2.5327868852459017,1.1065573770491803,0.7295081967213115,0.428,0.724,0.3135,49.61,2
1641741,Ricky Council IV,Ricky,Council IV,ricky_council_iv,52.5,6.714285714285714,2.4761904761904763,1.076190476190476,0.3809523809523809,0.1333333333333333,0.432,0.775,0.3165,34.47,1
1628470,Torrey Craig,Torrey,Craig,torrey_craig,17.333333333333332,4.153846153846154,2.807692307692308,0.653846153846154,0.3076923076923077,0.4615384615384615,0.4223333333333333,0.6806666666666666,0.361,31.21,1
203109,Jae Crowder,Jae,Crowder,jae_crowder,25.666666666666668,5.961038961038961,3.2467532467532463,1.2857142857142856,0.6883116883116883,0.1948051948051948,0.4063333333333332,0.7959999999999999,0.3506666666666667,36.27,1
1630595,Cade Cunningham,Cade,Cunningham,cade_cunningham,48.0,24.125,5.326388888888888,8.152777777777777,0.9513888888888888,0.5694444444444444,0.4443333333333333,0.8506666666666666,0.33,80.9,5
203552,Seth Curry,Seth,Curry,seth_curry,40.0,6.183333333333334,1.6416666666666668,0.9833333333333334,0.45,0.1333333333333333,0.437,0.8886666666666668,0.3763333333333333,34.25,1
201939,Stephen Curry,Stephen,Curry,stephen_curry,66.66666666666667,26.61,4.904999999999999,5.76,0.93,0.3899999999999999,0.4636666666666666,0.9236666666666666,0.4106666666666667,81.19,5
1630700,Dyson Daniels,Dyson,Daniels,dyson_daniels,65.33333333333333,8.438775510204083,4.454081632653062,3.219387755102041,1.821428571428572,0.4642857142857143,0.4526666666666666,0.6283333333333333,0.3216666666666667,49.54,2
1642368,N'Faly Dante,N'Faly,Dante,nfaly_dante,4.0,6.0,5.25,0.5,0.25,1.25,0.769,0.8,0.0,41.99,2
1629056,Terence Davis,Terence,Davis,terence_davis,31.666666666666668,7.810526315789474,2.463157894736842,1.136842105263158,0.7157894736842105,0.2421052631578947,0.282,0.5363333333333333,0.2316666666666667,32.37,1
203076,Anthony Davis,Anthony,Davis,anthony_davis,34.0,24.72549019607843,11.568627450980392,3.549019607843137,1.156862745098039,2.156862745098039,0.5016666666666667,0.7503333333333333,0.2709999999999999,89.09,5
201942,DeMar DeRozan,DeMar,DeRozan,demar_derozan,76.66666666666667,23.578260869565216,4.265217391304348,4.956521739130435,1.0217391304347825,0.4913043478260869,0.4869999999999999,0.8606666666666666,0.3283333333333333,74.04,4
1628978,Donte DiVincenzo,Donte,DiVincenzo,donte_divincenzo,71.66666666666667,12.372093023255813,3.953488372093023,3.223255813953488,1.2883720930232556,0.2930232558139534,0.4333333333333333,0.783,0.3983333333333334,53.75,3
1631217,Moussa Diabaté,Moussa,Diabaté,moussa_diabate,34.666666666666664,4.721153846153846,4.923076923076923,0.6153846153846154,0.5576923076923077,0.4711538461538461,0.5443333333333333,0.621,0.1666666666666666,35.1,1
1641711,Gradey Dick,Gradey,Dick,gradey_dick,57.0,11.289473684210526,2.8508771929824563,1.456140350877193,0.7192982456140351,0.1052631578947368,0.4175,0.8605,0.3575,44.43,2
1631172,Ousmane Dieng,Ousmane,Dieng,ousmane_dieng,36.333333333333336,4.293577981651376,2.1743119266055047,1.0458715596330277,0.3577981651376146,0.1743119266055045,0.4246666666666667,0.7383333333333333,0.2963333333333333,29.81,1
1642265,Rob Dillingham,Rob,Dillingham,rob_dillingham,49.0,4.469387755102041,1.020408163265306,2.0,0.4081632653061224,0.0204081632653061,0.441,0.533,0.338,29.28,1
203915,Spencer Dinwiddie,Spencer,Dinwiddie,spencer_dinwiddie,61.0,10.153005464480875,2.519125683060109,4.224043715846995,0.7322404371584699,0.2841530054644808,0.4016666666666666,0.8290000000000001,0.3533333333333333,47.08,2
1629029,Luka Dončić,Luka,Dončić,luka_don,33.333333333333336,28.16,8.18,7.66,1.78,0.42,0.4506666666666667,0.7799999999999999,0.367,92.79,5
1629652,Luguentz Dort,Luguentz,Dort,luguentz_dort,74.66666666666667,11.571428571428571,4.111607142857142,1.7053571428571428,1.0089285714285714,0.4866071428571428,0.4203333333333334,0.7716666666666666,0.3786666666666667,49.33,2
1630245,Ayo Dosunmu,Ayo,Dosunmu,ayo_dosunmu,67.33333333333333,10.777227722772276,2.955445544554456,3.247524752475248,0.8564356435643564,0.396039603960396,0.4953333333333333,0.8000000000000002,0.3476666666666667,49.35,2
1630288,Jeff Dowtin Jr.,Jeff,Dowtin Jr.,jeff_dowtin,26.0,5.102564102564102,1.3205128205128207,1.7435897435897436,0.5128205128205129,0.2051282051282051,0.494,0.7166666666666668,0.3956666666666666,34.23,1
203083,Andre Drummond,Andre,Drummond,andre_drummond,62.0,7.28494623655914,7.860215053763441,0.5591397849462365,0.8440860215053764,0.5,0.5539999999999999,0.5833333333333334,0.0499999999999999,42.42,2
1630537,Chris Duarte,Chris,Duarte,chris_duarte,40.66666666666666,5.147540983606558,1.9754098360655736,0.959016393442623,0.4344262295081967,0.1393442622950819,0.4039999999999999,0.7949999999999999,0.354,31.58,1
1642346,Ryan Dunn,Ryan,Dunn,ryan_dunn,74.0,6.905405405405405,3.608108108108108,0.7702702702702703,0.5945945945945946,0.5405405405405406,0.43,0.487,0.311,36.23,1
1627739,Kris Dunn,Kris,Dunn,kris_dunn,54.0,6.919753086419753,3.333333333333333,3.6296296296296298,1.3641975308641976,0.4012345679012346,0.482,0.7146666666666667,0.3919999999999999,46.52,2
201142,Kevin Durant,Kevin,Durant,kevin_durant,61.333333333333336,27.418478260869566,6.423913043478261,4.760869565217391,0.8315217391304347,1.277173913043478,0.5366666666666667,0.8713333333333333,0.4156666666666666,86.88,5
1631105,Jalen Duren,Jalen,Duren,jalen_duren,68.66666666666667,11.509708737864075,10.24757281553398,2.0922330097087376,0.6359223300970873,0.9466019417475728,0.653,0.6900000000000001,0.0,57.32,3
1631106,Tari Eason,Tari,Eason,tari_eason,53.66666666666666,10.316770186335404,6.279503105590062,1.2298136645962734,1.3913043478260871,0.7204968944099379,0.467,0.7159999999999999,0.3483333333333333,52.09,3
1641744,Zach Edey,Zach,Edey,zach_edey,66.0,9.242424242424242,8.303030303030303,0.9848484848484848,0.5454545454545454,1.2878787878787878,0.58,0.709,0.346,53.89,3
1642348,Justin Edwards,Justin,Edwards,tmp_justin_edwards,44.0,10.113636363636363,3.363636363636364,1.568181818181818,1.0227272727272727,0.3636363636363636,0.455,0.696,0.363,45.43,2
1630162,Anthony Edwards,Anthony,Edwards,anthony_edwards,79.0,26.042194092827007,5.6455696202531644,4.70042194092827,1.337552742616034,0.6371308016877637,0.4556666666666666,0.8096666666666668,0.3736666666666666,80.67,5
1631165,Keon Ellis,Keon,Ellis,keon_ellis,51.0,6.5359477124183005,2.2483660130718954,1.3790849673202614,1.156862745098039,0.6078431372549019,0.4626666666666666,0.7210000000000001,0.45,41.15,2
203954,Joel Embiid,Joel,Embiid,joel_embiid,41.333333333333336,32.16129032258064,10.120967741935482,4.661290322580645,1.0161290322580645,1.5806451612903225,0.507,0.874,0.339,99.0,5
1630623,Tyson Etienne,Tyson,Etienne,tyson_etienne,7.0,7.857142857142857,1.2857142857142858,1.7142857142857142,0.4285714285714285,0.1428571428571428,0.327,0.8,0.295,33.69,1
1629234,Drew Eubanks,Drew,Eubanks,drew_eubanks,40.66666666666666,4.590163934426229,3.704918032786885,0.8852459016393444,0.1967213114754098,0.639344262295082,0.5836666666666667,0.6933333333333334,0.3666666666666667,36.91,1
1641787,Tosan Evbuomwan,Tosan,Evbuomwan,tosan_evbuomwan,15.0,8.177777777777779,4.0,1.577777777777778,0.6666666666666666,0.3333333333333333,0.4216666666666666,0.4776666666666667,0.3263333333333333,39.52,1
203957,Danté Exum,Danté,Exum,dante_exum,27.0,7.71604938271605,2.45679012345679,2.7901234567901234,0.4691358024691358,0.1234567901234568,0.4653333333333334,0.6736666666666666,0.369,39.82,1
1628981,Bruno Fernando,Bruno,Fernando,bruno_fernando,31.0,5.010752688172043,3.935483870967742,1.010752688172043,0.3763440860215054,0.7311827956989247,0.5433333333333333,0.6996666666666668,0.0,33.25,1
1642271,Kyle Filipowski,Kyle,Filipowski,kyle_filipowski,72.0,9.583333333333334,6.111111111111111,1.9444444444444444,0.6666666666666666,0.3055555555555556,0.502,0.65,0.35,47.98,2
1627827,Dorian Finney-Smith,Dorian,Finney-Smith,dorian_finney,42.0,8.714285714285714,3.920634920634921,1.4285714285714286,0.9206349206349206,0.3650793650793651,0.4496666666666666,0.6686666666666667,0.4146666666666667,43.97,2
1630201,Malachi Flynn,Malachi,Flynn,malachi_flynn,16.333333333333332,4.163265306122449,1.5918367346938778,1.7551020408163267,0.4489795918367347,0.1224489795918367,0.395,0.8079999999999999,0.3026666666666666,30.1,1
1631323,Simone Fontecchio,Simone,Fontecchio,simone_fontecchio,47.0,8.070921985815602,3.2695035460992905,1.1773049645390072,0.5319148936170213,0.2482269503546099,0.4436666666666666,0.8263333333333334,0.3839999999999999,40.23,1
1628368,De'Aaron Fox,De'Aaron,Fox,de'aaron_fox,41.333333333333336,23.532258064516128,4.806451612903225,6.322580645161289,1.4677419354838708,0.4032258064516129,0.4593333333333333,0.8249999999999998,0.302,77.25,5
1628365,Markelle Fultz,Markelle,Fultz,markelle_fultz,41.333333333333336,9.943548387096774,3.161290322580645,3.9354838709677415,1.1209677419354838,0.346774193548387,0.4679999999999999,0.8266666666666667,0.344,49.96,2
1629655,Daniel Gafford,Daniel,Gafford,daniel_gafford,43.66666666666666,11.564885496183209,7.251908396946566,1.4885496183206108,0.6717557251908397,1.9465648854961832,0.7239999999999999,0.6673333333333332,0.0,57.25,3
1629636,Darius Garland,Darius,Garland,darius_garland,67.0,20.2089552238806,2.7412935323383083,7.049751243781095,1.243781094527363,0.1343283582089552,0.4599999999999999,0.8583333333333334,0.3939999999999999,70.3,4
1630568,Luka Garza,Luka,Garza,luka_garza,30.666666666666668,4.543478260869565,1.608695652173913,0.358695652173913,0.1413043478260869,0.0652173913043478,0.506,0.7313333333333333,0.306,28.63,1
1642273,Kyshawn George,Kyshawn,George,kyshawn_george,68.0,8.676470588235293,4.191176470588236,2.485294117647059,1.0,0.7352941176470589,0.372,0.753,0.322,45.52,2
1641718,Keyonte George,Keyonte,George,keyonte_george,71.0,14.78169014084507,3.267605633802817,4.992957746478873,0.5774647887323944,0.1126760563380281,0.391,0.833,0.3385,54.72,3
202331,Paul George,Paul,George,paul_george,57.0,21.45029239766082,5.549707602339181,4.257309941520468,1.5847953216374269,0.4502923976608187,0.4526666666666667,0.864,0.3806666666666666,73.55,4
1630581,Josh Giddey,Josh,Giddey,josh_giddey,75.33333333333333,14.460176991150442,7.429203539823009,6.008849557522124,0.8495575221238939,0.5309734513274337,0.474,0.7726666666666667,0.3466666666666667,65.61,4
1628983,Shai Gilgeous-Alexander,Shai,Gilgeous-Alexander,shai_gilgeous,73.0,31.383561643835616,5.127853881278538,6.036529680365297,1.7945205479452055,0.9543378995433792,0.5213333333333333,0.8923333333333333,0.3576666666666666,94.54,5
1631221,Collin Gillespie,Collin,Gillespie,collin_gillespie,28.5,4.9298245614035086,1.736842105263158,1.8421052631578947,0.5964912280701754,0.087719298245614,0.447,0.7655000000000001,0.414,34.27,1
203497,Rudy Gobert,Rudy,Gobert,rudy_gobert,72.66666666666667,13.146788990825687,11.839449541284404,1.4495412844036697,0.7522935779816513,1.6559633027522933,0.663,0.652,0.0,63.93,4
1630692,Jordan Goodwin,Jordan,Goodwin,jordan_goodwin,28.666666666666668,6.151162790697675,4.244186046511628,2.2906976744186047,0.9069767441860463,0.3372093023255814,0.3919999999999999,0.7709999999999999,0.3269999999999999,40.23,1
203932,Aaron Gordon,Aaron,Gordon,aaron_gordon,64.0,14.947916666666666,6.0625,3.2604166666666665,0.6927083333333334,0.5729166666666666,0.5503333333333335,0.6920000000000001,0.3576666666666666,60.47,3
201569,Eric Gordon,Eric,Gordon,eric_gordon,58.66666666666666,10.630681818181818,1.715909090909091,2.198863636363636,0.7670454545454546,0.3806818181818182,0.4383333333333333,0.7893333333333334,0.3859999999999999,44.66,2
203924,Jerami Grant,Jerami,Grant,jerami_grant,54.66666666666666,18.89634146341464,3.884146341463415,2.457317073170732,0.8353658536585366,0.8109756097560976,0.433,0.8263333333333334,0.3893333333333333,62.47,3
201145,Jeff Green,Jeff,Green,jeff_green,55.333333333333336,6.734939759036145,2.289156626506024,0.9578313253012049,0.2409638554216867,0.3132530120481927,0.4826666666666666,0.7903333333333333,0.3286666666666666,35.39,1
1630182,Josh Green,Josh,Green,josh_green,61.66666666666666,8.221621621621622,2.908108108108108,1.8432432432432435,0.8810810810810812,0.1567567567567567,0.4813333333333333,0.6960000000000001,0.3926666666666666,42.04,2
203110,Draymond Green,Draymond,Green,draymond_green,65.33333333333333,8.698979591836736,6.821428571428572,6.198979591836735,1.1632653061224492,0.903061224489796,0.4826666666666666,0.71,0.3416666666666666,58.76,3
1630224,Jalen Green,Jalen,Green,jalen_green,80.0,20.9,4.516666666666667,3.5583333333333336,0.8166666666666667,0.3041666666666666,0.4206666666666667,0.801,0.3413333333333333,65.17,4
1631260,AJ Green,AJ,Green,aj_green,54.66666666666666,5.77439024390244,1.725609756097561,0.9756097560975612,0.3170731707317073,0.0670731707317073,0.4253333333333333,0.9033333333333332,0.418,33.45,1
1629750,Javonte Green,Javonte,Green,javonte_green,45.333333333333336,5.102941176470588,3.2058823529411766,0.8235294117647058,0.9558823529411764,0.4558823529411764,0.4133333333333333,0.6606666666666666,0.3066666666666666,34.81,1
1629656,Quentin Grimes,Quentin,Grimes,quentin_grimes,50.0,14.56,4.32,3.04,0.9866666666666668,0.2933333333333333,0.4663333333333333,0.758,0.3853333333333333,56.37,3
1631243,Mouhamed Gueye,Mouhamed,Gueye,mouhamed_gueye,19.5,5.666666666666667,4.128205128205129,0.7948717948717948,0.8461538461538461,0.9487179487179488,0.3844999999999999,0.7975,0.296,38.48,1
1629060,Rui Hachimura,Rui,Hachimura,rui_hachimura,52.333333333333336,13.29936305732484,4.56687898089172,1.267515923566879,0.6178343949044586,0.4012738853503184,0.5113333333333333,0.7559999999999999,0.3906666666666666,51.8,3
1630169,Tyrese Haliburton,Tyrese,Haliburton,tyrese_haliburton,66.0,19.737373737373737,3.7070707070707054,10.151515151515152,1.4090909090909092,0.6161616161616161,0.48,0.859,0.384,78.79,5
203501,Tim Hardaway Jr.,Tim,Hardaway Jr.,tim_hardaway_jr,75.66666666666667,13.224669603524228,3.0308370044052864,1.722466960352423,0.5682819383259912,0.1101321585903083,0.403,0.8256666666666667,0.3686666666666666,47.14,2
201935,James Harden,James,Harden,james_harden,69.66666666666667,20.143540669856456,5.641148325358851,9.18181818181818,1.2727272727272727,0.6842105263157894,0.4263333333333333,0.8729999999999999,0.3726666666666666,79.15,5
1630702,Jaden Hardy,Jaden,Hardy,jaden_hardy,59.333333333333336,8.123595505617978,1.7359550561797752,1.4325842696629212,0.3764044943820224,0.0898876404494382,0.4266666666666667,0.7656666666666666,0.384,36.74,1
202699,Tobias Harris,Tobias,Harris,tobias_harris,72.33333333333333,15.16589861751152,6.032258064516129,2.6036866359447006,0.9769585253456222,0.6589861751152074,0.4883333333333333,0.8716666666666666,0.3623333333333333,61.06,3
203914,Gary Harris,Gary,Harris,gary_harris,50.0,6.093333333333334,1.6866666666666663,1.1733333333333331,0.8,0.2533333333333333,0.4246666666666667,0.7463333333333333,0.3859999999999999,35.27,1
1628404,Josh Hart,Josh,Hart,josh_hart,69.66666666666667,11.0,8.751196172248802,4.708133971291866,1.186602870813397,0.2822966507177033,0.4876666666666667,0.766,0.3156666666666667,60.23,3
1628392,Isaiah Hartenstein,Isaiah,Hartenstein,isaiah_hartenstein,71.33333333333333,7.593457943925234,8.285046728971963,2.378504672897196,0.8738317757009346,0.985981308411215,0.5866666666666668,0.686,0.183,51.55,3
1630573,Sam Hauser,Sam,Hauser,sam_hauser,76.66666666666667,7.952173913043477,3.060869565217391,0.9434782608695652,0.4782608695652173,0.2565217391304348,0.4506666666666667,0.867,0.4193333333333333,40.08,1
1641722,Jordan Hawkins,Jordan,Hawkins,jordan_hawkins,61.5,9.170731707317072,2.4878048780487805,1.1056910569105691,0.3983739837398374,0.2439024390243902,0.377,0.827,0.3485,38.41,1
1629637,Jaxson Hayes,Jaxson,Hayes,jaxson_hayes,57.66666666666666,5.312138728323699,3.5375722543352603,0.7225433526011561,0.4913294797687861,0.5722543352601156,0.6643333333333333,0.6476666666666667,0.0343333333333333,34.91,1
1630165,Killian Hayes,Killian,Hayes,killian_hayes,41.333333333333336,9.104838709677418,2.887096774193548,5.693548387096774,1.161290322580645,0.4193548387096774,0.403,0.7713333333333333,0.3193333333333333,49.79,2
1630703,Scoot Henderson,Scoot,Henderson,scoot_henderson,64.0,13.3203125,3.0625,5.2421875,0.90625,0.203125,0.402,0.7929999999999999,0.3395,54.2,3
1641707,Taylor Hendricks,Taylor,Hendricks,taylor_hendricks,21.5,7.116279069767442,4.651162790697675,0.7906976744186046,0.7674418604651163,0.7906976744186046,0.336,0.7715000000000001,0.3145,39.68,1
1629639,Tyler Herro,Tyler,Herro,tyler_herro,62.0,21.83870967741936,5.274193548387097,4.795698924731182,0.8064516129032258,0.1935483870967742,0.4506666666666667,0.8893333333333334,0.383,70.95,4
1627741,Buddy Hield,Buddy,Hield,buddy_hield,55.333333333333336,11.596385542168674,3.2108433734939754,2.228915662650602,0.8373493975903614,0.3915662650602409,0.4286666666666667,0.8663333333333334,0.381,48.77,2
1629312,Haywood Highsmith,Haywood,Highsmith,haywood_highsmith,64.66666666666667,5.768041237113402,3.3505154639175254,1.1597938144329896,0.8092783505154639,0.4329896907216494,0.4513333333333333,0.608,0.3723333333333333,37.23,1
1628988,Aaron Holiday,Aaron,Holiday,aaron_holiday,67.66666666666667,5.423645320197044,1.354679802955665,1.5369458128078817,0.4827586206896551,0.1428571428571428,0.4336666666666666,0.8646666666666666,0.3979999999999999,33.89,1
201950,Jrue Holiday,Jrue,Holiday,jrue_holiday,66.0,14.323232323232324,4.944444444444444,5.388888888888889,1.0404040404040404,0.5303030303030303,0.4673333333333334,0.867,0.3886666666666666,62.66,3
1641842,Ronald Holland II,Ronald,Holland II,ronald_holland_ii,81.0,6.444444444444445,2.691358024691358,1.0123456790123455,0.6049382716049383,0.2098765432098765,0.474,0.754,0.238,34.93,1
1626158,Richaun Holmes,Richaun,Holmes,richaun_holmes,23.666666666666668,6.04225352112676,5.056338028169014,0.9436619718309858,0.2816901408450704,0.5915492957746479,0.5876666666666667,0.75,0.111,38.06,1
1631096,Chet Holmgren,Chet,Holmgren,chet_holmgren,57.0,16.105263157894736,7.93859649122807,2.307017543859649,0.6666666666666666,2.289473684210526,0.51,0.7735000000000001,0.3745,69.51,4
1641720,Jalen Hood-Schifino,Jalen,Hood-Schifino,jalen_hood,10.0,7.066666666666667,1.8,2.466666666666667,0.3333333333333333,0.4666666666666667,0.5830000000000001,0.8996666666666666,0.2026666666666666,39.44,1
201143,Al Horford,Al,Horford,al_horford,62.66666666666666,9.127659574468083,6.23404255319149,2.579787234042553,0.5531914893617021,0.9255319148936172,0.47,0.8253333333333334,0.4093333333333333,51.74,3
1629659,Talen Horton-Tucker,Talen,Horton-Tucker,talen_horton,58.0,9.155172413793103,2.4770114942528734,2.908045977011494,0.6149425287356322,0.339080459770115,0.424,0.7639999999999999,0.3173333333333333,42.61,2
1631216,Caleb Houstan,Caleb,Houstan,caleb_houstan,56.0,4.0773809523809526,1.5357142857142858,0.5595238095238095,0.2916666666666666,0.1011904761904761,0.3906666666666666,0.8409999999999999,0.3703333333333333,28.3,1
1628989,Kevin Huerter,Kevin,Huerter,kevin_huerter,46.0,9.869565217391305,2.971014492753623,2.260869565217391,0.9565217391304348,0.3333333333333333,0.4256666666666666,0.714,0.3386666666666666,44.55,2
1630643,Jay Huff,Jay,Huff,jay_huff,30.33333333333333,5.637362637362638,1.7692307692307692,0.5494505494505495,0.2307692307692307,0.6923076923076923,0.5716666666666667,0.908,0.4126666666666667,37.28,1
1629631,De'Andre Hunter,De'Andre,Hunter,deandre_hunter,42.66666666666666,17.000000000000004,4.03125,1.4375000000000002,0.7812500000000001,0.203125,0.472,0.8416666666666667,0.408,56.76,3
1630538,Bones Hyland,Bones,Hyland,nahshon_hyland,16.0,6.208333333333333,1.0416666666666667,1.3333333333333333,0.75,0.1666666666666666,0.4853333333333333,0.59,0.426,35.01,1
1642345,Oso Ighodaro,Oso,Ighodaro,oso_ighodaro,61.0,4.180327868852459,3.639344262295082,1.1639344262295082,0.4590163934426229,0.4754098360655737,0.604,0.58,0.0,31.6,1
204060,Joe Ingles,Joe,Ingles,joe_ingles,44.333333333333336,4.7218045112781954,2.112781954887218,2.827067669172932,0.5864661654135338,0.0827067669172932,0.3773333333333333,0.5603333333333333,0.348,32.59,1
1627742,Brandon Ingram,Brandon,Ingram,brandon_ingram,42.333333333333336,22.39370078740157,5.275590551181102,5.653543307086614,0.7716535433070865,0.5511811023622046,0.4803333333333333,0.8460000000000001,0.373,74.56,4
202681,Kyrie Irving,Kyrie,Irving,kyrie_irving,49.333333333333336,25.709459459459456,4.959459459459459,5.006756756756756,1.222972972972973,0.5675675675675675,0.4853333333333333,0.9013333333333334,0.3953333333333333,80.47,5
1628371,Jonathan Isaac,Jonathan,Isaac,jonathan_isaac,46.66666666666666,5.914285714285715,4.414285714285715,0.5428571428571428,0.842857142857143,1.1,0.4463333333333333,0.6526666666666667,0.3443333333333333,40.31,1
1631093,Jaden Ivey,Jaden,Ivey,jaden_ivey,60.333333333333336,16.116022099447513,3.734806629834254,4.430939226519336,0.8066298342541436,0.3812154696132596,0.435,0.743,0.3626666666666667,58.87,3
1631245,Quenton Jackson,Quenton,Jackson,quenton_jackson,13.333333333333334,5.499999999999999,1.4,1.7499999999999998,0.6499999999999999,0.15,0.309,0.8493333333333334,0.1526666666666666,29.23,1
1630543,Isaiah Jackson,Isaiah,Jackson,isaiah_jackson,42.66666666666666,6.8203125,4.28125,0.8281250000000001,0.5312500000000001,1.265625,0.6123333333333333,0.6223333333333333,0.0476666666666666,40.16,1
202704,Reggie Jackson,Reggie,Jackson,reggie_jackson,60.333333333333336,9.18232044198895,1.8839779005524864,3.2375690607734806,0.5911602209944751,0.1215469613259668,0.411,0.8313333333333334,0.3433333333333333,42.01,2
1641713,GG Jackson,GG,Jackson,gg_jackson,38.5,11.792207792207792,3.74025974025974,1.1428571428571428,0.5194805194805194,0.3766233766233766,0.4,0.7384999999999999,0.347,44.94,2
1628991,Jaren Jackson Jr.,Jaren,Jackson Jr.,jaren_jackson_jr,67.66666666666667,21.182266009852214,5.9507389162561575,1.7832512315270936,1.167487684729064,2.009852216748768,0.4793333333333333,0.7923333333333332,0.35,73.44,4
1631218,Trayce Jackson-Davis,Trayce,Jackson-Davis,trayce_jackson,65.0,7.284615384615384,5.015384615384615,1.4307692307692308,0.4,0.8769230769230769,0.639,0.5695,0.0,40.46,1
2544,LeBron James,LeBron,James,lebron_james,65.33333333333333,26.13265306122449,7.760204081632653,7.852040816326531,1.0663265306122451,0.556122448979592,0.5176666666666666,0.7666666666666666,0.369,88.55,5
1631170,Jaime Jaquez Jr.,Jaime,Jaquez Jr.,jaime_jaquez_jr,70.5,10.347517730496454,4.078014184397163,2.5602836879432624,0.9787234042553192,0.2411347517730496,0.475,0.7825,0.3165,48.08,2
1629610,DaQuan Jeffries,DaQuan,Jeffries,daquan_jeffries,22.33333333333333,4.940298507462686,2.119402985074627,0.8805970149253732,0.3880597014925373,0.3880597014925373,0.4193333333333333,0.2666666666666666,0.1783333333333333,26.65,1
1629660,Ty Jerome,Ty,Jerome,ty_jerome,39.0,10.17948717948718,2.1538461538461537,3.2051282051282053,0.8632478632478632,0.0683760683760683,0.5013333333333333,0.5996666666666667,0.276,43.94,2
1630198,Isaiah Joe,Isaiah,Joe,isaiah_joe,75.0,9.25777777777778,2.448888888888889,1.36,0.6311111111111112,0.1733333333333333,0.4463333333333333,0.8353333333333333,0.4123333333333333,41.76,2
1630553,Keon Johnson,Keon,Johnson,keon_johnson,41.333333333333336,8.54032258064516,2.806451612903225,1.911290322580645,0.8387096774193548,0.2983870967741935,0.3819999999999999,0.782,0.3533333333333333,41.0,1
1630552,Jalen Johnson,Jalen,Johnson,jalen_johnson,54.0,12.166666666666666,6.969135802469135,2.882716049382716,0.9938271604938272,0.7222222222222222,0.5006666666666667,0.7006666666666667,0.3183333333333333,57.22,3
1629640,Keldon Johnson,Keldon,Johnson,keldon_johnson,69.66666666666667,16.49760765550239,5.100478468899521,2.406698564593301,0.6985645933014353,0.2535885167464115,0.4626666666666666,0.7713333333333333,0.3309999999999999,57.32,3
1642358,AJ Johnson,AJ,Johnson,aj_johnson,19.33333333333333,7.586206896551724,2.03448275862069,2.6206896551724137,0.4137931034482759,0.1034482758620689,0.3956666666666666,0.7503333333333334,0.3713333333333333,37.68,1
1629661,Cameron Johnson,Cameron,Johnson,cameron_johnson,44.0,15.772727272727272,4.265151515151515,2.712121212121212,0.8863636363636364,0.3484848484848485,0.465,0.8333333333333334,0.412,58.2,3
203999,Nikola Jokić,Nikola,Jokić,nikola_jokic,72.66666666666667,26.81651376146789,12.316513761467888,9.642201834862384,1.477064220183486,0.7339449541284403,0.597,0.8130000000000001,0.3863333333333333,99.0,5
1630529,Herbert Jones,Herbert,Jones,herbert_jones,54.0,10.43827160493827,3.820987654320988,2.6296296296296298,1.5123456790123455,0.6975308641975309,0.4676666666666667,0.8186666666666667,0.353,52.26,3
1630539,Kai Jones,Kai,Jones,kai_jones,26.666666666666668,4.95,3.125,0.625,0.375,0.575,0.7853333333333333,0.723,0.1776666666666666,37.93,1
1630200,Tre Jones,Tre,Jones,tre_jones,30.666666666666668,7.173913043478261,2.5217391304347823,4.173913043478261,0.8043478260869565,0.217391304347826,0.5313333333333333,0.8203333333333335,0.4013333333333334,45.62,2
1626145,Tyus Jones,Tyus,Jones,tyus_jones,75.66666666666667,10.75770925110132,2.5330396475770924,5.863436123348017,0.9823788546255504,0.1409691629955947,0.4583333333333333,0.8316666666666667,0.3996666666666666,52.87,3
1641732,Colby Jones,Colby,Jones,colby_jones,26.0,4.0256410256410255,2.230769230769231,1.1282051282051282,0.6666666666666666,0.3333333333333333,0.4486666666666667,0.438,0.345,30.63,1
1627884,Derrick Jones Jr.,Derrick,Jones Jr.,derrick_jones_jr,72.33333333333333,8.096774193548388,3.069124423963134,0.7788018433179724,0.7419354838709677,0.5576036866359447,0.503,0.718,0.3456666666666667,41.16,2
201599,DeAndre Jordan,DeAndre,Jordan,deandre_jordan,43.66666666666666,4.198473282442748,4.908396946564886,0.8625954198473282,0.2595419847328244,0.5038167938931298,0.6796666666666668,0.457,0.3333333333333333,37.56,1
202709,Cory Joseph,Cory,Joseph,cory_joseph,46.0,4.833333333333334,1.5217391304347827,2.398550724637681,0.4637681159420289,0.1159420289855072,0.3963333333333333,0.7136666666666667,0.3543333333333333,32.27,1
1631107,Nikola Jović,Nikola,Jović,nikola_jovic,35.666666666666664,8.672897196261681,3.766355140186916,2.1588785046728973,0.6542056074766355,0.2710280373831775,0.438,0.8256666666666667,0.333,43.19,2
1630548,Johnny Juzang,Johnny,Juzang,johnny_juzang,34.0,7.862745098039215,2.5392156862745097,0.9705882352941176,0.4607843137254901,0.1274509803921568,0.41,0.6876666666666665,0.3433333333333333,35.79,1
1628379,Luke Kennard,Luke,Kennard,luke_kennard,46.333333333333336,9.201438848920862,2.726618705035971,2.79136690647482,0.6402877697841727,0.079136690647482,0.4633333333333333,0.9113333333333332,0.4433333333333333,45.36,2
1631117,Walker Kessler,Walker,Kessler,walker_kessler,65.33333333333333,9.377551020408164,9.224489795918368,1.153061224489796,0.4693877551020409,2.372448979591837,0.6789999999999999,0.5459999999999999,0.24,58.77,3
1630557,Corey Kispert,Corey,Kispert,corey_kispert,71.66666666666667,12.069767441860463,2.8511627906976744,1.6093023255813952,0.4604651162790697,0.1813953488372092,0.478,0.8099999999999999,0.3903333333333333,46.45,2
1628467,Maxi Kleber,Maxi,Kleber,maxi_kleber,38.0,4.508771929824562,3.2719298245614032,1.4298245614035088,0.3333333333333333,0.6754385964912281,0.4243333333333333,0.725,0.3203333333333333,34.33,1
1642261,Dalton Knecht,Dalton,Knecht,dalton_knecht,78.0,9.051282051282053,2.769230769230769,0.8461538461538461,0.3076923076923077,0.1025641025641025,0.461,0.762,0.376,38.88,1
1628995,Kevin Knox II,Kevin,Knox II,kevin_knox,29.0,5.816091954022988,2.298850574712644,0.4942528735632184,0.3333333333333333,0.264367816091954,0.477,0.8156666666666667,0.3226666666666666,33.39,1
1629723,John Konchar,John,Konchar,john_konchar,57.66666666666666,4.109826589595376,4.1502890173410405,1.4566473988439308,0.9132947976878611,0.5202312138728324,0.435,0.831,0.3423333333333333,37.75,1
1628436,Luke Kornet,Luke,Kornet,luke_kornet,68.33333333333333,5.053658536585366,4.126829268292683,1.15609756097561,0.3414634146341463,0.8682926829268294,0.6776666666666666,0.8063333333333332,0.4103333333333334,43.1,2
1630249,Vít Krejčí,Vít,Krejčí,vit_krejci,36.0,5.398148148148149,2.1666666666666665,1.9814814814814807,0.5,0.3055555555555556,0.4639999999999999,0.6813333333333333,0.3623333333333333,35.33,1
1630228,Jonathan Kuminga,Jonathan,Kuminga,jonathan_kuminga,62.66666666666666,13.686170212765957,4.271276595744681,2.0851063829787235,0.7127659574468085,0.4680851063829787,0.5026666666666667,0.6886666666666668,0.332,52.53,3
1628398,Kyle Kuzma,Kyle,Kuzma,kyle_kuzma,43.333333333333336,14.83076923076923,5.692307692307692,2.338461538461538,0.5538461538461538,0.2923076923076922,0.437,0.633,0.307,53.49,3
1631222,Jake LaRavia,Jake,LaRavia,jake_laravia,44.0,6.939393939393939,3.924242424242424,2.393939393939394,0.9393939393939394,0.3484848484848485,0.4676666666666667,0.6516666666666667,0.4173333333333333,43.22,2
203897,Zach LaVine,Zach,LaVine,zach_lavine,49.333333333333336,23.29729729729729,4.256756756756756,4.189189189189189,0.7837837837837837,0.1621621621621621,0.511,0.832,0.446,72.13,4
1627746,Skal Labissiere,Skal,Labissiere,skal_labissiere,16.666666666666668,4.62,3.92,0.98,0.18,0.6799999999999999,0.4946666666666667,0.4343333333333333,0.5316666666666667,36.55,1
1629111,Jock Landale,Jock,Landale,jock_landale,55.66666666666666,5.568862275449102,3.526946107784432,1.0179640718562877,0.2934131736526946,0.437125748502994,0.5253333333333333,0.7423333333333334,0.3076666666666667,36.35,1
1641796,Pelle Larsson,Pelle,Larsson,pelle_larsson,55.0,4.563636363636364,1.6727272727272726,1.181818181818182,0.5818181818181818,0.1272727272727272,0.438,0.672,0.337,30.8,1
1630639,A.J. Lawson,A.J.,Lawson,aj_lawson,23.0,5.420289855072464,1.9855072463768115,0.7391304347826086,0.3333333333333333,0.1304347826086956,0.6223333333333333,0.445,0.1956666666666666,30.91,1
1627747,Caris LeVert,Caris,LeVert,caris_levert,42.66666666666666,12.125000000000002,3.1718750000000004,3.3593750000000004,0.890625,0.515625,0.4673333333333334,0.7103333333333333,0.372,51.68,3
1627814,Damion Lee,Damion,Lee,damion_lee,54.0,7.123456790123457,2.7654320987654324,1.067901234567901,0.4629629629629629,0.0802469135802469,0.416,0.912,0.3416666666666666,36.48,1
202695,Kawhi Leonard,Kawhi,Leonard,kawhi_leonard,52.333333333333336,23.23566878980892,6.197452229299363,3.592356687898089,1.5414012738853504,0.6624203821656051,0.5116666666666667,0.8553333333333333,0.4146666666666667,78.15,5
1641721,Maxwell Lewis,Maxwell,Lewis,maxwell_lewis,18.666666666666668,4.142857142857142,1.964285714285714,0.6785714285714285,0.3214285714285714,0.25,0.3906666666666666,0.4666666666666666,0.2533333333333333,25.9,1
203081,Damian Lillard,Damian,Lillard,damian_lillard,63.0,26.92063492063492,4.597883597883598,7.105820105820106,1.0158730158730158,0.2433862433862434,0.445,0.9183333333333334,0.367,82.26,5
1641726,Dereck Lively II,Dereck,Lively II,dereck_lively_ii,45.5,8.758241758241759,7.12087912087912,1.5934065934065933,0.6153846153846154,1.4615384615384617,0.7244999999999999,0.5680000000000001,0.0,50.43,3
1626172,Kevon Looney,Kevon,Looney,kevon_looney,77.33333333333333,5.413793103448277,7.073275862068966,1.9741379310344829,0.5431034482758621,0.5,0.5803333333333334,0.6156666666666667,0.1333333333333333,41.64,2
201572,Brook Lopez,Brook,Lopez,brook_lopez,79.0,13.79746835443038,5.611814345991561,1.5569620253164558,0.5485232067510549,2.2362869198312234,0.5083333333333333,0.8103333333333333,0.371,61.07,3
201567,Kevin Love,Kevin,Love,kevin_love,46.66666666666666,7.9714285714285715,5.935714285714286,1.8071428571428567,0.35,0.1857142857142857,0.3953333333333333,0.7873333333333333,0.3453333333333333,42.27,2
200768,Kyle Lowry,Kyle,Lowry,kyle_lowry,39.333333333333336,6.8559322033898304,2.7627118644067794,3.85593220338983,0.9491525423728814,0.3220338983050847,0.4086666666666667,0.8353333333333333,0.3753333333333333,43.32,2
1626168,Trey Lyles,Trey,Lyles,trey_lyles,67.0,7.124378109452736,4.343283582089552,1.0945273631840795,0.4228855721393034,0.36318407960199,0.441,0.7383333333333333,0.3623333333333333,39.31,1
1630572,Sandro Mamukelashvili,Sandro,Mamukelashvili,sandro_mamukelashvili,43.66666666666666,4.824427480916031,2.9770992366412217,0.8625954198473282,0.2519083969465649,0.2595419847328244,0.4336666666666666,0.7143333333333333,0.2963333333333333,31.35,1
1629611,Terance Mann,Terance,Mann,terance_mann,44.66666666666666,7.716417910447762,2.970149253731343,1.805970149253732,0.7014925373134329,0.2238805970149253,0.4943333333333333,0.6923333333333334,0.367,40.76,1
1630544,Tre Mann,Tre,Mann,tre_mann,18.0,10.462962962962964,3.4629629629629632,3.7777777777777777,1.074074074074074,0.1296296296296296,0.4626666666666667,0.888,0.395,50.9,3
1628374,Lauri Markkanen,Lauri,Markkanen,lauri_markkanen,56.0,22.982142857142858,7.720238095238095,1.8035714285714288,0.744047619047619,0.4821428571428571,0.4673333333333334,0.8833333333333333,0.3786666666666667,72.11,4
1630230,Naji Marshall,Naji,Marshall,naji_marshall,70.66666666666667,9.801886792452828,3.995283018867924,2.4764150943396226,0.8160377358490565,0.1745283018867924,0.468,0.7976666666666667,0.3216666666666667,46.19,2
1630231,KJ Martin,KJ,Martin,kenyon_martin_jr,28.666666666666668,6.372093023255814,2.9069767441860463,1.1162790697674418,0.3953488372093023,0.5116279069767441,0.5526666666666666,0.7789999999999999,0.2763333333333334,37.8,1
1628997,Caleb Martin,Caleb,Martin,caleb_martin,30.0,7.911111111111111,3.933333333333333,2.111111111111111,1.0222222222222224,0.5111111111111112,0.416,0.6229999999999999,0.3293333333333333,42.75,2
1628998,Cody Martin,Cody,Martin,cody_martin,35.333333333333336,6.754716981132074,4.226415094339623,1.981132075471698,1.0566037735849056,0.6037735849056604,0.4006666666666666,0.7163333333333334,0.2396666666666666,40.74,1
1631213,Tyrese Martin,Tyrese,Martin,tyrese_martin,38.0,7.157894736842105,3.039473684210526,1.631578947368421,0.4605263157894737,0.1184210526315789,0.3985,0.8965000000000001,0.247,36.25,1
1641798,Jaylen Martin,Jaylen,Martin,jaylen_martin,10.666666666666666,4.875,2.75,1.0625000000000002,0.5625,0.0,0.4453333333333333,0.6,0.5256666666666667,34.35,1
1629726,Garrison Mathews,Garrison,Mathews,garrison_mathews,52.66666666666666,5.6455696202531644,1.5253164556962024,0.759493670886076,0.4367088607594936,0.170886075949367,0.4019999999999999,0.8473333333333333,0.3906666666666667,32.29,1
1631097,Bennedict Mathurin,Bennedict,Mathurin,bennedict_mathurin,69.66666666666667,15.85645933014354,4.473684210526316,1.7751196172248804,0.6220095693779905,0.2440191387559808,0.446,0.8266666666666667,0.3456666666666666,54.35,3
1631255,Karlo Matković,Karlo,Matković,karlo_matkovic,42.0,7.738095238095238,4.976190476190476,1.0952380952380951,0.5238095238095238,0.9761904761904762,0.574,0.773,0.318,45.84,2
1630178,Tyrese Maxey,Tyrese,Maxey,tyrese_maxey,60.66666666666666,24.192307692307693,3.340659340659341,5.285714285714287,1.1483516483516485,0.3406593406593406,0.4559999999999999,0.8639999999999999,0.3813333333333333,74.31,4
1630540,Miles McBride,Miles,McBride,miles_mcbride,65.33333333333333,7.117346938775511,1.5867346938775513,1.903061224489796,0.7857142857142858,0.163265306122449,0.4053333333333334,0.7799999999999999,0.3593333333333333,36.96,1
1642272,Jared McCain,Jared,McCain,tmp_jared_mccain,23.0,15.304347826086955,2.4347826086956523,2.608695652173913,0.6521739130434783,0.0,0.46,0.875,0.383,52.36,3
1630644,Mac McClung,Mac,McClung,mac_mcclung,1.6666666666666667,5.4,2.2,2.4,0.0,0.0,0.4833333333333333,0.1999999999999999,0.1213333333333333,27.08,1
203468,CJ McCollum,CJ,McCollum,cj_mccollum,65.66666666666667,20.6751269035533,4.192893401015228,4.878172588832487,0.9035532994923856,0.5228426395939086,0.4466666666666667,0.771,0.397,68.81,4
204456,T.J. McConnell,T.J.,McConnell,t.j._mcconnell,75.0,9.32,2.7466666666666666,5.057777777777778,1.048888888888889,0.1733333333333333,0.5393333333333334,0.7943333333333333,0.3853333333333333,51.12,3
1630183,Jaden McDaniels,Jaden,McDaniels,jaden_mcdaniels,77.66666666666667,11.630901287553648,4.296137339055794,1.7682403433476397,1.0600858369098711,0.8240343347639485,0.4943333333333333,0.757,0.355,52.19,3
1629667,Jalen McDaniels,Jalen,McDaniels,jalen_mcdaniels,36.66666666666666,6.945454545454545,3.172727272727273,1.3545454545454545,0.7818181818181819,0.3181818181818182,0.2636666666666666,0.5253333333333333,0.1636666666666666,31.61,1
203926,Doug McDermott,Doug,McDermott,doug_mcdermott,41.333333333333336,4.620967741935484,0.7419354838709677,0.7258064516129031,0.2016129032258064,0.032258064516129,0.422,0.5596666666666666,0.389,26.78,1
1631121,Bryce McGowens,Bryce,McGowens,bryce_mcgowens,39.333333333333336,4.7542372881355925,1.6779661016949152,0.9067796610169492,0.3135593220338983,0.135593220338983,0.3736666666666666,0.7863333333333333,0.2193333333333333,27.53,1
1629001,De'Anthony Melton,De'Anthony,Melton,deanthony_melton,40.333333333333336,10.43801652892562,3.9090909090909087,2.7107438016528924,1.5950413223140494,0.4876033057851239,0.4059999999999999,0.751,0.3736666666666666,50.77,3
1630241,Sam Merrill,Sam,Merrill,sam_merrill,45.66666666666666,7.437956204379563,2.0875912408759123,1.613138686131387,0.5547445255474452,0.1313868613138686,0.4056666666666667,0.965,0.3513333333333333,37.72,1
203995,Vasilije Micić,Vasilije,Micić,vasilije_micic,27.33333333333333,6.560975609756098,2.1707317073170733,3.1219512195121952,0.3658536585365853,0.0,0.2319999999999999,0.5526666666666666,0.24,30.51,1
203114,Khris Middleton,Khris,Middleton,khris_middleton,24.666666666666668,11.891891891891891,3.702702702702702,4.0540540540540535,0.9459459459459458,0.2162162162162162,0.4666666666666666,0.8576666666666667,0.3483333333333333,52.9,3
1641706,Brandon Miller,Brandon,Miller,brandon_miller,50.5,18.287128712871286,4.415841584158416,2.702970297029703,0.9405940594059404,0.6138613861386139,0.4215,0.844,0.364,61.92,3
1629003,Shake Milton,Shake,Milton,shake_milton,38.0,5.526315789473684,1.824561403508772,1.7894736842105263,0.4385964912280702,0.0701754385964912,0.4503333333333333,0.8003333333333335,0.347,33.89,1
1642274,Yves Missi,Yves,Missi,tmp_yves_missi,73.0,9.10958904109589,8.232876712328768,1.356164383561644,0.5068493150684932,1.3424657534246576,0.547,0.623,0.0,48.3,2
1630558,Davion Mitchell,Davion,Mitchell,davion_mitchell,49.333333333333336,7.945945945945946,2.256756756756757,4.905405405405405,0.9729729729729728,0.2162162162162162,0.4686666666666666,0.6893333333333334,0.4013333333333334,46.27,2
1642349,Ajay Mitchell,Ajay,Mitchell,ajay_mitchell,36.0,6.5,1.8888888888888888,1.7777777777777777,0.6944444444444444,0.1111111111111111,0.495,0.829,0.383,38.03,1
1628378,Donovan Mitchell,Donovan,Mitchell,donovan_mitchell,64.66666666666667,26.21649484536082,4.592783505154639,5.092783505154639,1.5206185567010306,0.3814432989690721,0.463,0.8516666666666666,0.3739999999999999,80.25,5
1630596,Evan Mobley,Evan,Mobley,evan_mobley,66.66666666666667,16.89,9.19,3.05,0.83,1.5199999999999998,0.5636666666666666,0.706,0.3196666666666666,71.23,4
1642367,Jonathan Mogbo,Jonathan,Mogbo,jonathan_mogbo,63.0,6.174603174603175,4.936507936507937,2.3174603174603177,0.873015873015873,0.5396825396825397,0.438,0.732,0.243,41.34,2
1628370,Malik Monk,Malik,Monk,malik_monk,71.33333333333333,15.271028037383177,3.0841121495327104,4.813084112149533,0.7242990654205608,0.4532710280373832,0.4433333333333333,0.8610000000000001,0.3446666666666667,57.94,3
1630541,Moses Moody,Moses,Moody,moses_moody,67.66666666666667,7.679802955665023,2.413793103448276,1.004926108374384,0.5862068965517241,0.3054187192118227,0.457,0.7600000000000001,0.3656666666666666,38.16,1
1631386,Tazé Moore,Tazé,Moore,taze_moore,3.0,4.0,2.6666666666666665,1.0,0.6666666666666666,0.0,0.3105,0.5,0.1965,25.48,1
1631111,Wendell Moore Jr.,Wendell,Moore Jr.,wendell_moore,24.0,4.166666666666667,2.638888888888889,1.1666666666666667,0.5555555555555556,0.1388888888888889,0.4673333333333333,0.7906666666666666,0.3323333333333333,32.7,1
1629630,Ja Morant,Ja,Morant,ja_morant,40.0,24.841666666666665,5.1,7.75,1.1166666666666667,0.275,0.4636666666666666,0.7949999999999999,0.297,80.04,5
1628420,Monté Morris,Monté,Morris,monte_morris,26.0,5.08974358974359,1.58974358974359,1.8205128205128207,0.5,0.1538461538461538,0.4023333333333334,0.6876666666666665,0.322,31.56,1
1630530,Trey Murphy III,Trey,Murphy III,trey_murphy_iii,63.0,16.476190476190474,4.386243386243386,2.243386243386244,1.037037037037037,0.582010582010582,0.4603333333333333,0.8690000000000001,0.3823333333333333,59.79,3
1631200,Kris Murray,Kris,Murray,kris_murray,65.5,5.061068702290076,3.099236641221374,1.1297709923664123,0.6717557251908397,0.2900763358778626,0.4075,0.5585,0.2465,31.85,1
1627750,Jamal Murray,Jamal,Murray,jamal_murray,63.66666666666666,20.858638743455497,3.979057591623037,6.214659685863875,1.1204188481675392,0.4607329842931937,0.4696666666666667,0.8573333333333334,0.4053333333333334,72.69,4
1627749,Dejounte Murray,Dejounte,Murray,dejounte_murray,61.0,20.81967213114754,5.491803278688525,6.437158469945356,1.5628415300546448,0.3005464480874317,0.4386666666666667,0.8163333333333332,0.3353333333333332,74.36,4
1631099,Keegan Murray,Keegan,Murray,keegan_murray,77.66666666666667,13.261802575107296,5.570815450643777,1.4420600858369097,0.8626609442060086,0.7296137339055794,0.4503333333333333,0.8096666666666666,0.3706666666666667,54.49,3
1629004,Svi Mykhailiuk,Svi,Mykhailiuk,sviatoslav_mykhailiuk,30.666666666666668,5.619565217391305,1.608695652173913,1.2173913043478262,0.3369565217391304,0.0869565217391304,0.4356666666666666,0.6890000000000001,0.4446666666666667,32.85,1
1626204,Larry Nance Jr.,Larry,Nance Jr.,larry_nance_jr,50.0,6.626666666666666,5.093333333333333,1.8,0.9133333333333332,0.46,0.5663333333333332,0.7193333333333333,0.3983333333333334,45.71,2
1629614,Andrew Nembhard,Andrew,Nembhard,andrew_nembhard,69.33333333333333,9.557692307692308,2.673076923076924,4.552884615384616,1.0192307692307694,0.1442307692307692,0.4656666666666667,0.7959999999999999,0.3326666666666666,48.21,2
1630174,Aaron Nesmith,Aaron,Nesmith,aaron_nesmith,63.333333333333336,11.34736842105263,3.842105263157895,1.368421052631579,0.8157894736842105,0.5263157894736842,0.4766666666666667,0.8436666666666667,0.4053333333333333,49.35,2
1627777,Georges Niang,Georges,Niang,georges_niang,52.66666666666666,9.924050632911392,3.4430379746835444,1.4050632911392409,0.3544303797468355,0.1772151898734177,0.4596666666666666,0.793,0.4063333333333332,43.1,2
1629669,Jaylen Nowell,Jaylen,Nowell,jaylen_nowell,7.0,7.047619047619048,2.095238095238096,1.761904761904762,0.2380952380952381,0.2857142857142857,0.426,0.7676666666666666,0.2676666666666666,34.78,1
203994,Jusuf Nurkić,Jusuf,Nurkić,jusuf_nurkic,34.0,8.882352941176471,7.803921568627451,2.2549019607843137,0.7843137254901961,0.6666666666666667,0.476,0.6623333333333333,0.3033333333333333,50.54,3
1626220,Royce O'Neale,Royce,O'Neale,royce_o'neale,51.333333333333336,8.363636363636363,4.714285714285714,2.4805194805194803,0.8181818181818181,0.5064935064935064,0.4073333333333333,0.7016666666666667,0.3826666666666667,45.43,2
1626143,Jahlil Okafor,Jahlil,Okafor,jahlil_okafor,19.33333333333333,6.689655172413794,3.344827586206897,0.8793103448275863,0.2241379310344827,0.4655172413793104,0.4136666666666667,0.451,0.185,31.78,1
1629643,Chuma Okeke,Chuma,Okeke,chuma_okeke,6.0,5.888888888888889,5.222222222222222,1.6666666666666667,0.5555555555555556,0.4444444444444444,0.4436666666666666,0.4446666666666667,0.3383333333333334,38.34,1
1629006,Josh Okogie,Josh,Okogie,josh_okogie,26.666666666666668,7.074999999999999,2.825,0.825,1.2,0.4499999999999999,0.4406666666666667,0.7343333333333333,0.3496666666666666,39.67,1
1630168,Onyeka Okongwu,Onyeka,Okongwu,onyeka_okongwu,69.66666666666667,11.196172248803826,7.712918660287081,1.5454545454545454,0.722488038277512,1.1244019138755978,0.6053333333333333,0.7776666666666667,0.3216666666666667,57.53,3
1630171,Isaac Okoro,Isaac,Okoro,isaac_okoro,66.66666666666667,7.369999999999999,2.615,1.435,0.725,0.3999999999999999,0.4826666666666666,0.7176666666666667,0.375,39.92,1
203482,Kelly Olynyk,Kelly,Olynyk,kelly_olynyk,29.33333333333333,8.727272727272728,4.681818181818183,2.909090909090909,0.75,0.4318181818181818,0.5,0.7713333333333333,0.4163333333333333,48.75,2
1626162,Kelly Oubre Jr.,Kelly,Oubre Jr.,kelly_oubre_jr,58.66666666666666,16.630681818181817,5.443181818181818,1.494318181818182,1.3465909090909092,0.5397727272727273,0.4473333333333333,0.7536666666666667,0.3076666666666667,59.23,3
101108,Chris Paul,Chris,Paul,chris_paul,66.33333333333333,10.42713567839196,3.879396984924623,7.648241206030151,1.326633165829146,0.2512562814070352,0.436,0.8606666666666666,0.3743333333333333,58.35,3
1626166,Cameron Payne,Cameron,Payne,cameron_payne,50.0,7.1866666666666665,1.4733333333333334,2.72,0.54,0.18,0.423,0.887,0.3806666666666666,38.72,1
1627780,Gary Payton II,Gary,Payton II,gary_payton_ii,40.333333333333336,5.793388429752065,2.7851239669421486,1.2644628099173554,0.884297520661157,0.2975206611570248,0.574,0.7733333333333333,0.4063333333333332,40.22,1
1630590,Scotty Pippen Jr.,Scotty,Pippen Jr.,scotty_pippen_jr,35.333333333333336,10.037735849056604,3.113207547169812,4.216981132075471,1.3301886792452828,0.3867924528301886,0.4353333333333333,0.6713333333333334,0.3823333333333333,50.39,2
1631342,Daeqwon Plowden,Daeqwon,Plowden,daeqwon_plowden,6.0,7.166666666666667,1.8333333333333333,0.3333333333333333,0.0,0.0,0.64,1.0,0.529,39.32,1
203486,Mason Plumlee,Mason,Plumlee,mason_plumlee,58.66666666666666,7.170454545454546,6.988636363636364,2.238636363636364,0.4659090909090909,0.5625,0.619,0.6533333333333333,0.0,43.62,2
1641764,Brandin Podziemski,Brandin,Podziemski,brandon_podziemski,69.0,10.355072463768115,5.449275362318841,3.572463768115942,0.9420289855072465,0.1956521739130435,0.4495,0.6955,0.3785,51.25,3
1627751,Jakob Poeltl,Jakob,Poeltl,jakob_poeltl,51.0,12.647058823529411,9.098039215686274,2.784313725490196,0.8954248366013071,1.3006535947712417,0.633,0.61,0.111,61.54,3
1629673,Jordan Poole,Jordan,Poole,jordan_poole,76.0,19.394736842105264,2.8070175438596494,4.451754385964912,1.030701754385965,0.3201754385964912,0.425,0.8766666666666666,0.3466666666666667,63.52,3
1641854,Craig Porter Jr.,Craig,Porter Jr.,craig_porter,51.0,4.637254901960785,1.7254901960784317,1.8529411764705883,0.3725490196078431,0.2941176470588235,0.5115000000000001,0.7255,0.3954999999999999,34.47,1
1629645,Kevin Porter Jr.,Kevin,Porter Jr.,kevin_porter_jr,50.0,10.28,3.706666666666667,3.413333333333333,1.08,0.1733333333333333,0.4553333333333333,0.7616666666666667,0.3213333333333333,48.59,2
1629008,Michael Porter Jr.,Michael,Porter Jr.,michael_porter_jr,73.33333333333333,17.42727272727273,6.572727272727273,1.6,0.5863636363636364,0.5454545454545455,0.4916666666666667,0.8013333333333333,0.4019999999999999,61.8,3
1626171,Bobby Portis,Bobby,Portis,bobby_portis,67.0,13.91542288557214,8.407960199004975,1.5572139303482586,0.6567164179104478,0.3781094527363184,0.49,0.798,0.3806666666666666,58.35,3
204001,Kristaps Porziņģis,Kristaps,Porziņģis,kristaps_porzingis,54.66666666666666,21.14634146341464,7.554878048780488,2.292682926829268,0.7987804878048781,1.670731707317073,0.4989999999999999,0.8393333333333333,0.3906666666666666,75.08,5
1642366,Quinten Post,Quinten,Post,quinten_post,42.0,8.095238095238095,3.523809523809524,1.3333333333333333,0.3809523809523809,0.4285714285714285,0.449,0.778,0.408,41.13,1
1626181,Norman Powell,Norman,Powell,norman_powell,65.33333333333333,17.25,2.857142857142857,1.6122448979591837,0.8469387755102041,0.25,0.4829999999999999,0.8156666666666667,0.4166666666666667,56.37,3
203939,Dwight Powell,Dwight,Powell,dwight_powell,64.66666666666667,4.268041237113402,3.3298969072164946,1.072164948453608,0.4742268041237113,0.345360824742268,0.6999999999999998,0.6753333333333332,0.2443333333333333,36.51,1
1627752,Taurean Prince,Taurean,Prince,taurean_prince,70.66666666666667,8.70754716981132,3.061320754716981,1.6886792452830186,0.7641509433962264,0.3066037735849056,0.4553333333333333,0.7973333333333333,0.4053333333333333,43.17,2
1630202,Payton Pritchard,Payton,Pritchard,payton_pritchard,70.0,10.48095238095238,3.142857142857143,2.9714285714285715,0.5857142857142857,0.1,0.4506666666666666,0.8053333333333333,0.3853333333333333,46.32,2
1630243,Trevelin Queen,Trevelin,Queen,trevelin_queen,17.333333333333332,4.096153846153847,1.75,1.1923076923076923,0.7692307692307693,0.3846153846153846,0.33,0.8690000000000001,0.1983333333333333,29.16,1
1629674,Neemias Queta,Neemias,Queta,neemias_queta,31.666666666666668,5.010526315789473,3.884210526315789,0.6947368421052631,0.3263157894736842,0.6842105263157895,0.6536666666666667,0.4893333333333333,0.0,33.04,1
1630193,Immanuel Quickley,Immanuel,Quickley,immanuel_quickley,33.666666666666664,17.02970297029703,3.722772277227723,5.1683168316831685,0.7227722772277227,0.1386138613861386,0.432,0.86,0.3893333333333333,61.28,3
1631311,Lester Quinones,Lester,Quinones,lester_quinones,8.666666666666666,6.615384615384616,1.4615384615384617,1.8461538461538465,0.2307692307692307,0.1538461538461538,0.4276666666666666,0.8929999999999999,0.204,32.79,1
203944,Julius Randle,Julius,Randle,julius_randle,64.0,22.53125,8.734375,4.520833333333333,0.6302083333333334,0.2552083333333333,0.472,0.7813333333333334,0.3326666666666666,74.95,5
1641871,Duop Reath,Duop,Reath,duop_reath,57.0,7.114035087719298,3.0,0.8157894736842105,0.3947368421052631,0.4561403508771929,0.4415,0.8255,0.3399999999999999,37.43,1
1630559,Austin Reaves,Austin,Reaves,austin_reaves,73.0,16.474885844748858,3.990867579908676,4.958904109589041,0.821917808219178,0.3013698630136986,0.4916666666666667,0.8646666666666666,0.3806666666666666,62.47,3
1629629,Cam Reddish,Cam,Reddish,cameron_reddish,33.666666666666664,5.2772277227722775,1.9405940594059403,0.8910891089108911,0.9405940594059408,0.3168316831683168,0.414,0.751,0.3056666666666667,33.4,1
1630194,Paul Reed,Paul,Reed,paul_reed,65.33333333333333,5.464285714285714,4.454081632653062,0.9183673469387756,0.7755102040816326,0.816326530612245,0.5466666666666667,0.7416666666666667,0.2736666666666666,40.45,1
1642024,Alex Reese,Alex,Reese,alex_reese,10.0,5.066666666666666,3.1333333333333333,0.2666666666666666,0.6666666666666667,0.6666666666666667,0.6509999999999999,0.5,0.244,35.98,1
1641810,Antonio Reeves,Antonio,Reeves,antonio_reeves,44.0,6.931818181818182,1.431818181818182,0.8863636363636364,0.4772727272727273,0.0909090909090909,0.456,0.8,0.395,34.91,1
1629675,Naz Reid,Naz,Reid,naz_reid,76.33333333333333,13.139737991266376,5.397379912663756,1.5895196506550218,0.7117903930131005,0.8646288209606987,0.492,0.7296666666666667,0.3796666666666666,54.66,3
1631197,Jared Rhoden,Jared,Rhoden,jared_rhoden,9.333333333333334,8.428571428571429,3.0,1.1428571428571428,0.7142857142857143,0.1428571428571428,0.413,0.5866666666666667,0.2106666666666666,36.14,1
1630208,Nick Richards,Nick,Richards,nick_richards,38.0,9.280701754385966,8.175438596491228,0.8596491228070174,0.2456140350877193,0.9649122807017544,0.5856666666666667,0.7479999999999999,0.0,46.76,2
1626196,Josh Richardson,Josh,Richardson,josh_richardson,31.0,10.086021505376344,2.7096774193548385,2.731182795698925,0.7741935483870968,0.2795698924731182,0.3896666666666666,0.9423333333333334,0.3256666666666666,44.98,2
1642258,Zaccharie Risacher,Zaccharie,Risacher,tmp_zaccharie_risacher,75.0,12.56,3.5733333333333333,1.2266666666666666,0.6933333333333334,0.4933333333333333,0.458,0.711,0.355,48.09,2
1629130,Duncan Robinson,Duncan,Robinson,duncan_robinson,61.333333333333336,10.652173913043478,2.222826086956522,2.25,0.5434782608695652,0.1195652173913043,0.4193333333333333,0.894,0.372,43.78,2
1629011,Mitchell Robinson,Mitchell,Robinson,mitchell_robinson,35.666666666666664,6.4953271028037385,8.588785046728972,0.7850467289719627,1.018691588785047,1.5140186915887852,0.6356666666666667,0.5256666666666666,0.0,47.53,2
1631115,Orlando Robinson,Orlando,Robinson,orlando_robinson,29.33333333333333,6.886363636363637,5.0,1.7500000000000002,0.3863636363636364,0.3636363636363636,0.4343333333333333,0.7120000000000001,0.289,39.52,1
1630526,Jeremiah Robinson-Earl,Jeremiah,Robinson-Earl,jeremiah_robinson,49.333333333333336,5.574324324324324,3.858108108108108,1.027027027027027,0.4932432432432432,0.1486486486486486,0.4576666666666666,0.8063333333333332,0.3356666666666667,36.03,1
1631223,David Roddy,David,Roddy,david_roddy,11.0,4.636363636363637,2.5454545454545454,1.0606060606060606,0.4242424242424242,0.2727272727272727,0.4263333333333333,0.4393333333333333,0.2323333333333333,28.76,1
1631157,Ryan Rollins,Ryan,Rollins,ryan_rollins,23.0,5.695652173913044,1.7536231884057971,1.710144927536232,0.753623188405797,0.2898550724637681,0.5023333333333334,0.5216666666666666,0.6916666666666668,39.95,1
1626179,Terry Rozier,Terry,Rozier,terry_rozier,41.66666666666666,15.072,3.88,4.072,0.8000000000000002,0.28,0.4243333333333334,0.8700000000000001,0.3413333333333333,56.81,3
1626156,D'Angelo Russell,D'Angelo,Russell,d'angelo_russell,38.66666666666666,12.620689655172416,2.793103448275862,5.120689655172414,0.9655172413793104,0.396551724137931,0.3906666666666667,0.8363333333333333,0.3146666666666666,53.23,3
1627734,Domantas Sabonis,Domantas,Sabonis,domantas_sabonis,77.0,19.22077922077922,13.268398268398268,7.225108225108226,0.8095238095238095,0.4891774891774891,0.5996666666666667,0.7333333333333334,0.3896666666666666,85.3,5
1642275,Tidjane Salaün,Tidjane,Salaün,tidjane_salaun,60.0,5.883333333333334,4.666666666666667,1.2333333333333334,0.4833333333333333,0.2333333333333333,0.33,0.713,0.283,34.55,1
1642259,Alex Sarr,Alex,Sarr,alexandre_sarr,67.0,12.970149253731345,6.492537313432836,2.4029850746268657,0.6567164179104478,1.507462686567164,0.394,0.679,0.308,56.35,3
1631204,Marcus Sasser,Marcus,Sasser,marcus_sasser,64.0,7.5078125,1.515625,2.8828125,0.6328125,0.125,0.4455,0.861,0.3785,39.89,1
203471,Dennis Schröder,Dennis,Schröder,dennis_schroder,42.333333333333336,12.094488188976378,2.5826771653543306,5.165354330708661,0.8346456692913385,0.1574803149606299,0.3863333333333333,0.805,0.322,50.68,3
1630578,Alperen Sengun,Alperen,Sengun,alperen_sengun,71.33333333333333,18.182242990654206,9.593457943925236,4.556074766355141,1.0747663551401871,0.8271028037383178,0.5286666666666666,0.6999999999999998,0.2876666666666667,73.43,4
1641729,Brice Sensabaugh,Brice,Sensabaugh,brice_sensabaugh,51.5,9.83495145631068,3.029126213592233,1.6019417475728157,0.5728155339805825,0.1359223300970873,0.4245,0.896,0.359,42.7,2
1629012,Collin Sexton,Collin,Sexton,collin_sexton,63.0,17.47089947089947,2.544973544973545,4.1534391534391535,0.7195767195767196,0.1587301587301587,0.4909999999999999,0.8476666666666667,0.3976666666666666,59.79,3
1629013,Landry Shamet,Landry,Shamet,landry_shamet,45.333333333333336,7.051470588235294,1.3970588235294117,1.2794117647058822,0.5441176470588235,0.125,0.423,0.7916666666666666,0.3706666666666667,35.07,1
1630545,Terrence Shannon Jr.,Terrence,Shannon Jr.,terrence_shannon_jr,32.0,4.3125,1.46875,1.0,0.21875,0.15625,0.482,0.81,0.355,30.52,1
1630549,Day'Ron Sharpe,Day'Ron,Sharpe,dayron_sharpe,53.0,6.534591194968553,5.779874213836478,1.339622641509434,0.5031446540880503,0.7421383647798743,0.5453333333333333,0.6676666666666667,0.352,43.92,2
1631101,Shaedon Sharpe,Shaedon,Sharpe,shaedon_sharpe,61.333333333333336,14.315217391304348,3.9130434782608696,2.097826086956521,0.6956521739130435,0.2826086956521739,0.4433333333333333,0.7743333333333333,0.3346666666666666,51.7,3
1642347,Jamal Shead,Jamal,Shead,jamal_shead,75.0,7.1066666666666665,1.5333333333333334,4.213333333333333,0.7733333333333333,0.1333333333333333,0.405,0.768,0.323,40.0,1
1641767,Ben Sheppard,Ben,Sheppard,ben_sheppard,60.0,4.866666666666666,2.216666666666667,1.15,0.5916666666666667,0.1333333333333333,0.4054999999999999,0.887,0.328,32.62,1
1642263,Reed Sheppard,Reed,Sheppard,reed_sheppard,52.0,4.403846153846154,1.5,1.4423076923076923,0.6730769230769231,0.3269230769230769,0.351,0.813,0.338,31.11,1
1627783,Pascal Siakam,Pascal,Siakam,pascal_siakam,52.66666666666666,20.98101265822785,6.993670886075949,3.829113924050633,0.8417721518987342,0.4240506329113924,0.5299999999999999,0.7303333333333333,0.364,71.66,4
1627732,Ben Simmons,Ben,Simmons,ben_simmons,34.0,5.019607843137255,4.725490196078432,5.588235294117647,0.7450980392156863,0.4509803921568627,0.5003333333333334,0.7586666666666666,0.0,41.94,2
1629014,Anfernee Simons,Anfernee,Simons,anfernee_simons,59.333333333333336,20.747191011235955,2.904494382022472,4.747191011235955,0.7022471910112359,0.1348314606741573,0.4343333333333333,0.904,0.375,64.99,4
1642354,KJ Simpson,KJ,Simpson,kj_simpson,36.0,7.833333333333333,3.0277777777777777,3.111111111111111,0.9444444444444444,0.1666666666666666,0.346,0.82,0.254,40.34,1
1631301,Jaylen Sims,Jaylen,Sims,jaylen_sims,6.0,7.0,1.0,2.0,0.5,0.1666666666666666,0.429,0.8,0.4,36.21,1
203935,Marcus Smart,Marcus,Smart,marcus_smart,22.666666666666668,8.970588235294118,2.117647058823529,3.2058823529411766,1.1470588235294117,0.2647058823529412,0.397,0.7600000000000001,0.3539999999999999,44.02,2
1630696,Dru Smith,Dru,Smith,dru_smith,9.333333333333334,4.892857142857142,2.107142857142857,1.5,1.2142857142857142,0.4285714285714285,0.44,0.5833333333333334,0.3706666666666667,35.87,1
1642449,Tolu Smith,Tolu,Smith,tolu_smith,1.0,14.0,8.0,0.0,0.0,0.0,0.667,0.667,0.0,48.61,2
1630188,Jalen Smith,Jalen,Smith,jalen_smith,64.33333333333333,9.155440414507773,5.637305699481866,1.0051813471502593,0.2849740932642487,0.7357512953367876,0.5113333333333333,0.7533333333333333,0.3436666666666666,46.01,2
1641733,Nick Smith Jr.,Nick,Smith Jr.,nick_smith_jr,55.5,8.045045045045045,1.8018018018018016,1.837837837837838,0.2432432432432432,0.1171171171171171,0.391,0.901,0.386,37.2,1
1631095,Jabari Smith Jr.,Jabari,Smith Jr.,jabari_smith,70.66666666666667,12.981132075471695,7.471698113207546,1.3301886792452828,0.5660377358490566,0.830188679245283,0.4333333333333333,0.8073333333333333,0.3413333333333333,55.07,3
1631110,Jeremy Sochan,Jeremy,Sochan,jeremy_sochan,61.333333333333336,11.369565217391305,6.103260869565217,2.8206521739130435,0.8152173913043478,0.4891304347826087,0.4753333333333334,0.7216666666666667,0.2873333333333333,52.41,3
1642285,Cam Spencer,Cam,Spencer,cam_spencer,25.0,4.24,1.2,1.36,0.36,0.04,0.415,1.0,0.365,30.8,1
1630205,Lamar Stevens,Lamar,Stevens,lamar_stevens,18.33333333333333,6.290909090909091,3.0,0.6545454545454545,0.5090909090909091,0.4545454545454546,0.4576666666666666,0.7483333333333334,0.32,35.9,1
1630191,Isaiah Stewart,Isaiah,Stewart,isaiah_stewart,56.0,8.958333333333334,6.589285714285714,1.5833333333333337,0.3869047619047619,1.0297619047619049,0.496,0.75,0.3436666666666666,49.18,2
1631124,Julian Strawther,Julian,Strawther,julian_strawther,57.5,7.086956521739131,1.7652173913043478,1.1304347826086956,0.4869565217391304,0.2,0.4004999999999999,0.766,0.3229999999999999,34.21,1
1629622,Max Strus,Max,Strus,max_strus,66.66666666666667,11.235,4.065,3.06,0.6599999999999999,0.265,0.4233333333333333,0.8313333333333333,0.3623333333333333,49.11,2
1630591,Jalen Suggs,Jalen,Suggs,jalen_suggs,54.333333333333336,12.478527607361965,3.2576687116564416,3.0,1.374233128834356,0.6564417177914109,0.4333333333333333,0.7869999999999999,0.346,53.53,3
1631306,Cole Swider,Cole,Swider,cole_swider,6.666666666666667,5.9,2.7,0.3,0.3999999999999999,0.1999999999999999,0.2426666666666666,0.0,0.2253333333333333,22.97,1
1630256,Jae'Sean Tate,Jae'Sean,Tate,jaesean_tate,49.333333333333336,4.972972972972973,2.918918918918919,1.3175675675675675,0.6013513513513513,0.1959459459459459,0.4749999999999999,0.691,0.31,34.14,1
1628369,Jayson Tatum,Jayson,Tatum,jayson_tatum,73.33333333333333,27.92727272727273,8.513636363636365,5.168181818181819,1.040909090909091,0.6000000000000001,0.463,0.8336666666666667,0.3563333333333333,87.07,5
1628464,Daniel Theis,Daniel,Theis,daniel_theis,32.666666666666664,5.489795918367348,4.163265306122449,1.2346938775510206,0.3979591836734694,0.7244897959183675,0.4196666666666666,0.5326666666666666,0.2046666666666666,34.23,1
1630560,Cam Thomas,Cam,Thomas,cam_thomas,49.333333333333336,18.14189189189189,2.648648648648648,2.459459459459459,0.5405405405405406,0.1689189189189189,0.4403333333333333,0.8683333333333333,0.3653333333333333,56.2,3
1641708,Amen Thompson,Amen,Thompson,amen_thompson,65.5,11.923664122137405,7.427480916030534,3.267175572519084,1.3358778625954195,0.9694656488549618,0.5465,0.684,0.2065,59.52,3
202691,Klay Thompson,Klay,Thompson,klay_thompson,72.66666666666667,17.839449541284402,3.6055045871559632,2.220183486238532,0.68348623853211,0.4311926605504587,0.4266666666666667,0.9036666666666668,0.3966666666666666,58.6,3
1641709,Ausar Thompson,Ausar,Thompson,ausar_thompson,61.0,9.42622950819672,5.778688524590164,2.081967213114754,1.360655737704918,0.8114754098360656,0.509,0.619,0.205,49.89,2
1629680,Matisse Thybulle,Matisse,Thybulle,matisse_thybulle,43.0,4.62015503875969,1.945736434108528,1.0930232558139534,1.4806201550387597,0.5581395348837209,0.435,0.6586666666666666,0.3723333333333333,36.43,1
1631166,Drew Timme,Drew,Timme,drew_timme,9.0,12.11111111111111,7.222222222222222,2.2222222222222223,0.4444444444444444,0.1111111111111111,0.441,0.625,0.257,49.62,2
1641772,Nae'Qwan Tomlin,Nae'Qwan,Tomlin,naeqwan_tomlin,5.0,7.2,4.2,0.4,0.0,0.2,0.406,0.727,0.2,32.88,1
1630167,Obi Toppin,Obi,Toppin,obi_toppin,76.0,9.530701754385966,3.6184210526315774,1.412280701754386,0.5087719298245613,0.3640350877192982,0.5159999999999999,0.7866666666666667,0.3706666666666667,44.55,2
1626157,Karl-Anthony Towns,Karl-Anthony,Towns,karl,54.333333333333336,22.76073619631902,10.251533742331288,3.380368098159509,0.8220858895705521,0.6625766871165644,0.5083333333333333,0.8586666666666667,0.4006666666666666,79.84,5
1629018,Gary Trent Jr.,Gary,Trent Jr.,gary_trent_jr,70.33333333333333,13.962085308056873,2.5071090047393367,1.4786729857819907,1.199052132701422,0.1327014218009478,0.43,0.8193333333333334,0.3926666666666666,50.33,2
1631131,Oscar Tshiebwe,Oscar,Tshiebwe,oscar_tshiebwe,11.0,6.045454545454546,6.2727272727272725,0.5,0.6818181818181818,0.0909090909090909,0.55,0.746,0.0,36.37,1
1626167,Myles Turner,Myles,Turner,myles_turner,70.33333333333333,16.80568720379147,6.966824644549764,1.4218009478672986,0.6113744075829385,2.028436018957346,0.5176666666666666,0.7763333333333334,0.3756666666666666,66.71,4
202685,Jonas Valančiūnas,Jonas,Valančiūnas,jonas_valanciunas,54.0,10.407407407407408,7.74074074074074,2.0246913580246915,0.4567901234567901,0.5679012345679012,0.551,0.874,0.1916666666666666,51.9,3
1627832,Fred VanVleet,Fred,VanVleet,fred_vanvleet,67.33333333333333,17.074257425742577,3.856435643564357,7.014851485148515,1.5742574257425743,0.6039603960396039,0.3956666666666666,0.856,0.358,68.39,4
1629020,Jarred Vanderbilt,Jarred,Vanderbilt,jarred_vanderbilt,39.0,6.230769230769231,6.230769230769231,1.871794871794872,1.0598290598290598,0.2564102564102564,0.5206666666666667,0.6266666666666667,0.3033333333333333,43.86,2
1630170,Devin Vassell,Devin,Vassell,devin_vassell,56.66666666666666,18.04117647058824,3.905882352941177,3.5058823529411764,1.1764705882352942,0.4294117647058823,0.4513333333333333,0.791,0.3756666666666666,62.77,3
1629216,Gabe Vincent,Gabe,Vincent,gabe_vincent,50.333333333333336,7.516556291390728,1.629139072847682,1.8940397350993377,0.8079470198675496,0.119205298013245,0.3693333333333333,0.6953333333333332,0.2646666666666666,35.0,1
1641774,Tristan Vukcevic,Tristan,Vukcevic,tristan_vukcevic,22.5,9.22222222222222,3.688888888888889,1.1555555555555554,0.3555555555555555,0.6666666666666666,0.4645,0.7745,0.3255,42.65,2
202696,Nikola Vučević,Nikola,Vučević,nikola_vucevic,77.0,18.03463203463204,10.558441558441558,3.3549783549783547,0.7402597402597403,0.7316017316017316,0.5113333333333333,0.8206666666666665,0.3483333333333333,72.22,4
1629731,Dean Wade,Dean,Wade,dean_wade,52.333333333333336,5.2038216560509545,3.929936305732484,0.9936305732484076,0.7006369426751592,0.4203821656050955,0.413,0.6513333333333334,0.3683333333333333,35.97,1
1630532,Franz Wagner,Franz,Wagner,franz_wagner,70.66666666666667,20.54245283018868,4.962264150943396,3.943396226415094,1.0754716981132075,0.3113207547169811,0.4766666666666667,0.8543333333333334,0.3123333333333333,67.87,4
1629021,Moritz Wagner,Moritz,Wagner,moritz_wagner,55.66666666666666,11.10179640718563,4.51497005988024,1.3293413173652695,0.5988023952095809,0.2754491017964072,0.5543333333333333,0.791,0.3343333333333333,48.25,2
1641716,Jarace Walker,Jarace,Walker,jarace_walker,54.0,5.37962962962963,2.703703703703704,1.3888888888888888,0.6388888888888888,0.3333333333333333,0.4405,0.778,0.4025,36.4,1
1631133,Jabari Walker,Jabari,Walker,jabari_walker,62.66666666666666,6.207446808510639,4.5212765957446805,0.7553191489361702,0.4521276595744681,0.2180851063829787,0.4646666666666667,0.7333333333333334,0.3233333333333333,37.06,1
1629022,Lonnie Walker IV,Lonnie,Walker IV,lonnie_walker,44.66666666666666,10.940298507462687,2.2313432835820897,1.4029850746268655,0.5373134328358209,0.3134328358208955,0.4303333333333333,0.807,0.3676666666666666,43.11,2
1630811,Keaton Wallace,Keaton,Wallace,keaton_wallace,31.0,5.419354838709677,1.6129032258064515,2.6129032258064515,0.9032258064516128,0.2903225806451613,0.401,1.0,0.329,37.43,1
1641717,Cason Wallace,Cason,Wallace,cason_wallace,75.0,7.526666666666666,2.773333333333333,1.9533333333333327,1.3066666666666666,0.48,0.4825,0.7975000000000001,0.3874999999999999,44.37,2
1642266,Ja'Kobe Walter,Ja'Kobe,Walter,jakobe_walter,52.0,8.634615384615385,3.076923076923077,1.5576923076923077,0.8269230769230769,0.1923076923076923,0.405,0.795,0.349,40.93,1
1642276,Kel'el Ware,Kel'el,Ware,kelel_ware,64.0,9.296875,7.390625,0.9375,0.609375,1.109375,0.554,0.687,0.315,51.14,3
1629023,P.J. Washington,P.J.,Washington,pj_washington,43.333333333333336,13.653846153846152,6.56153846153846,2.0923076923076924,1.0384615384615383,0.9153846153846152,0.44,0.6873333333333335,0.3396666666666667,57.51,3
1630322,Lindy Waters III,Lindy,Waters III,lindy_waters_iii,34.666666666666664,4.923076923076923,2.1153846153846154,1.0,0.5192307692307693,0.2115384615384615,0.368,0.4846666666666666,0.3566666666666666,29.54,1
1630570,Trendon Watford,Trendon,Watford,trendon_watford,56.333333333333336,7.93491124260355,3.502958579881657,1.9289940828402368,0.4852071005917159,0.2544378698224852,0.5186666666666667,0.7586666666666666,0.3726666666666667,42.29,2
1631212,Peyton Watson,Peyton,Watson,peyton_watson,57.0,6.771929824561403,3.087719298245614,1.1169590643274854,0.5380116959064327,1.1228070175438596,0.478,0.6376666666666667,0.3593333333333333,40.35,1
1642377,Jaylen Wells,Jaylen,Wells,jaylen_wells,79.0,10.417721518987342,3.392405063291139,1.7088607594936709,0.5569620253164557,0.1012658227848101,0.425,0.822,0.352,43.52,2
1641705,Victor Wembanyama,Victor,Wembanyama,victor_wembanyama,58.5,22.54700854700855,10.77777777777778,3.7777777777777777,1.1965811965811963,3.675213675213675,0.4705,0.8160000000000001,0.3385,91.7,5
1631104,Blake Wesley,Blake,Wesley,blake_wesley,52.0,4.288461538461538,1.5192307692307692,2.423076923076923,0.5833333333333333,0.1282051282051282,0.41,0.627,0.2986666666666667,30.93,1
201566,Russell Westbrook,Russell,Westbrook,russell_westbrook,72.0,13.458333333333334,5.25925925925926,6.083333333333333,1.1851851851851851,0.4305555555555556,0.4463333333333333,0.6683333333333333,0.3023333333333333,60.31,3
1628401,Derrick White,Derrick,White,derrick_white,77.0,14.597402597402596,4.086580086580087,4.584415584415584,0.8658008658008659,1.051948051948052,0.455,0.8716666666666667,0.387,61.59,3
1629632,Coby White,Coby,White,coby_white,75.66666666666667,16.444933920704845,3.713656387665198,4.136563876651982,0.7753303964757708,0.1762114537444934,0.4476666666666666,0.8703333333333333,0.3726666666666666,59.12,3
1641727,Dariq Whitehead,Dariq,Whitehead,dariq_whitehead,11.0,5.318181818181818,1.5,0.6818181818181818,0.2727272727272727,0.0909090909090909,0.303,0.55,0.223,24.69,1
1641715,Cam Whitmore,Cam,Whitmore,cam_whitmore,49.0,10.775510204081632,3.377551020408163,0.8367346938775511,0.6224489795918368,0.3061224489795918,0.449,0.7145,0.357,43.43,2
203952,Andrew Wiggins,Andrew,Wiggins,andrew_wiggins,40.0,17.966666666666665,4.483333333333333,2.6333333333333333,1.0,0.8333333333333334,0.45,0.757,0.371,62.55,3
1630598,Aaron Wiggins,Aaron,Wiggins,aaron_wiggins,74.66666666666667,8.638392857142856,3.0848214285714284,1.3392857142857142,0.6919642857142856,0.2321428571428571,0.5206666666666667,0.8170000000000001,0.4226666666666667,43.55,2
1630533,Ziaire Williams,Ziaire,Williams,ziaire_williams,50.333333333333336,8.357615894039736,3.615894039735099,1.28476821192053,0.7417218543046358,0.2847682119205298,0.4126666666666667,0.8069999999999999,0.302,40.4,1
1642262,Cody Williams,Cody,Williams,tmp_cody_williams,50.0,4.6,2.26,1.18,0.46,0.32,0.323,0.725,0.259,29.03,1
1630172,Patrick Williams,Patrick,Williams,patrick_williams,62.66666666666666,9.72340425531915,3.882978723404256,1.5425531914893618,0.8510638297872342,0.7180851063829787,0.4346666666666667,0.7893333333333334,0.389,46.78,2
1631119,Jaylin Williams,Jaylin,Williams,jaylin_williams,55.0,5.103030303030304,4.466666666666667,1.8545454545454545,0.4727272727272727,0.4121212121212121,0.4306666666666667,0.7586666666666666,0.3913333333333333,38.45,1
1631114,Jalen Williams,Jalen,Williams,jalen_williams,71.66666666666667,18.144186046511624,4.595348837209301,4.297674418604651,1.3674418604651162,0.5860465116279069,0.515,0.805,0.3826666666666667,67.88,4
1629026,Kenrich Williams,Kenrich,Williams,kenrich_williams,63.66666666666666,6.209424083769633,3.722513089005236,1.544502617801047,0.6596858638743456,0.1727748691099476,0.4893333333333333,0.5513333333333333,0.3853333333333333,38.07,1
1631109,Mark Williams,Mark,Williams,mark_williams,35.333333333333336,12.264150943396226,8.820754716981131,1.4056603773584904,0.7169811320754716,1.122641509433962,0.63,0.738,0.0,56.13,3
1630314,Brandon Williams,Brandon,Williams,brandon_williams,24.666666666666668,8.621621621621621,1.95945945945946,2.527027027027027,0.6621621621621621,0.2162162162162162,0.421,0.727,0.2973333333333334,39.6,1
1629684,Grant Williams,Grant,Williams,grant_williams,30.666666666666668,10.32608695652174,4.3478260869565215,2.293478260869565,0.6739130434782609,0.5652173913043478,0.4516666666666666,0.7826666666666666,0.3713333333333333,48.38,2
1629057,Robert Williams III,Robert,Williams III,robert_williams,20.33333333333333,7.147540983606558,7.344262295081968,1.2459016393442623,0.6885245901639344,1.4426229508196722,0.6806666666666666,0.7566666666666667,0.111,49.87,2
1631246,Vince Williams Jr.,Vince,Williams Jr.,vince_williams_jr,31.33333333333333,7.765957446808511,4.287234042553192,2.48936170212766,0.6914893617021277,0.4574468085106383,0.3823333333333333,0.864,0.265,42.2,2
1629627,Zion Williamson,Zion,Williamson,zion_williamson,43.0,23.96899224806202,6.387596899224807,4.992248062015504,1.131782945736434,0.6976744186046512,0.5816666666666667,0.6906666666666667,0.3106666666666667,79.29,5
1630592,Jalen Wilson,Jalen,Wilson,jalen_wilson,61.0,7.89344262295082,3.28688524590164,1.5573770491803278,0.4180327868852459,0.0737704918032786,0.411,0.822,0.3305,38.17,1
1630164,James Wiseman,James,Wiseman,james_wiseman,28.33333333333333,7.023529411764706,4.823529411764706,0.8,0.1764705882352941,0.5411764705882354,0.5803333333333334,0.7966666666666667,0.1666666666666666,39.31,1
1631209,Isaiah Wong,Isaiah,Wong,isaiah_wong,10.5,5.809523809523809,1.5238095238095235,1.3333333333333333,0.5238095238095238,0.0,0.3615,0.3675,0.197,26.74,1
1627824,Guerschon Yabusele,Guerschon,Yabusele,guerschon_yabusele,48.0,6.534722222222222,3.472222222222222,1.2430555555555556,0.4861111111111111,0.25,0.4606666666666666,0.6963333333333334,0.3416666666666667,37.09,1
1629027,Trae Young,Trae,Young,trae_young,67.66666666666667,25.339901477832512,2.96551724137931,10.857142857142856,1.1970443349753694,0.1576354679802955,0.4233333333333333,0.872,0.3493333333333333,83.33,5
1627826,Ivica Zubac,Ivica,Zubac,ivica_zubac,74.66666666666667,13.178571428571429,10.678571428571429,1.7142857142857142,0.4732142857142857,1.2098214285714284,0.637,0.6936666666666667,0.0,59.87,3
1641783,Tristan da Silva,Tristan,da Silva,tristan_da_silva,74.0,7.202702702702703,3.310810810810811,1.527027027027027,0.4459459459459459,0.2432432432432432,0.412,0.873,0.335,38.26,1
1628427,Vlatko Čančar,Vlatko,Čančar,vlatko_cancar,29.33333333333333,4.352272727272728,2.1704545454545454,1.2045454545454546,0.3068181818181818,0.2159090909090909,0.474,0.5233333333333333,0.408,31.26,1
203967,Dario Šarić,Dario,Šarić,dario_saric,39.0,6.717948717948718,4.0598290598290605,1.9145299145299144,0.4358974358974359,0.1367521367521367,0.4183333333333334,0.789,0.3453333333333333,38.54,1
